ID,MntWines,MntFruits,MntMeatProducts,MntFishProducts,MntSweetProducts,MntGoldProds,Year_Birth,Income
5524,635,88,546,172,88,88,1957,58138.0
2174,11,1,6,2,1,6,1954,46344.0
4141,426,49,127,111,21,42,1965,71613.0
6182,11,4,20,10,3,5,1984,26646.0
5324,173,43,118,46,27,15,1981,58293.0
7446,520,42,98,0,42,14,1967,62513.0
965,235,65,164,50,49,27,1971,55635.0
6177,76,10,56,3,1,23,1985,33454.0
4855,14,0,24,3,3,2,1974,30351.0
5899,28,0,6,1,1,13,1950,5648.0
1994,5,5,6,0,2,1,1983,
387,6,16,11,11,1,16,1976,7500.0
2125,194,61,480,225,112,30,1959,63033.0
8180,233,2,53,3,5,14,1952,59354.0
2569,3,14,17,6,1,5,1987,17323.0
2114,1006,22,115,59,68,45,1946,82800.0
9736,53,5,19,2,13,4,1980,41850.0
4939,84,5,38,150,12,28,1946,37760.0
6565,1012,80,498,0,16,176,1949,76995.0
2278,4,17,19,30,24,39,1985,33812.0
9360,86,2,73,69,38,48,1982,37040.0
5376,1,1,1725,1,1,1,1979,2447.0
1993,867,0,86,0,0,19,1949,58607.0
4047,384,0,102,21,32,5,1954,65324.0
1409,270,3,27,39,6,99,1951,40689.0
7892,6,4,25,15,12,13,1969,18589.0
2404,173,4,30,3,6,41,1976,53359.0
5255,5,1,3,3,263,362,1986,
9422,36,2,42,20,21,10,1989,38360.0
1966,684,100,801,21,66,0,1965,84618.0
6864,8,4,10,2,2,4,1989,10979.0
3033,112,17,44,34,22,89,1963,38620.0
5710,110,0,5,2,0,3,1970,40548.0
7373,96,12,96,33,22,43,1952,46610.0
8755,482,34,471,119,68,22,1946,68657.0
10738,40,0,19,2,1,3,1951,49389.0
4339,702,17,151,0,8,35,1970,67353.0
10755,6,3,14,15,7,36,1976,23718.0
8595,55,0,6,2,0,4,1973,42429.0
2968,437,8,206,160,49,42,1943,48948.0
8601,421,76,536,82,178,102,1980,80011.0
503,13,1,29,3,0,7,1985,20559.0
8430,9,0,6,3,1,3,1957,21994.0
7281,81,11,50,3,2,39,1959,
2139,3,1,10,3,2,12,1975,7500.0
1371,123,164,266,227,30,174,1976,79941.0
9909,3,18,14,15,22,50,1996,7500.0
7286,13,6,15,3,5,13,1968,41728.0
7244,48,5,48,6,10,7,1951,
6566,826,50,317,50,38,38,1954,72550.0
8614,245,19,125,37,67,14,1957,65486.0
4114,650,37,780,27,167,32,1964,79143.0
1331,12,6,20,30,1,3,1977,35790.0
2225,510,120,550,156,40,241,1977,82582.0
9381,328,9,124,12,24,109,1978,66373.0
6260,984,51,432,180,120,190,1955,82384.0
10383,295,35,482,121,120,40,1966,70287.0
7437,13,0,8,2,1,5,1988,27938.0
8557,11,3,22,2,2,6,1982,
8375,447,0,28,0,0,43,1968,55954.0
6853,712,26,538,69,13,80,1982,75777.0
3076,452,18,102,16,18,6,1975,66653.0
1012,523,7,134,37,14,169,1952,61823.0
6518,546,0,48,0,6,6,1951,67680.0
4137,398,40,367,119,122,30,1948,70666.0
8082,1,3,6,3,6,15,1971,25721.0
1386,10,0,1,0,0,0,1967,32474.0
9369,688,14,309,201,24,38,1979,88194.0
4477,247,49,159,7,82,109,1958,69096.0
1357,856,59,487,58,29,73,1970,74854.0
1402,496,36,460,189,60,12,1954,66991.0
10629,25,3,43,17,4,17,1973,
6312,258,107,291,84,37,86,1959,65031.0
8132,565,6,65,0,6,19,1975,60631.0
1050,14,10,13,4,15,9,1952,28332.0
5846,2,1,6,2,1,1,1977,40246.0
1859,721,111,925,97,18,18,1972,75251.0
7503,1032,105,779,137,105,51,1976,75825.0
10401,1,0,5,0,3,9,1976,26326.0
1618,577,0,64,0,0,51,1965,56046.0
3332,64,4,68,7,5,17,1985,29760.0
2261,4,1,5,2,0,4,1969,26304.0
5346,25,5,19,7,0,23,1973,23559.0
4119,112,17,44,34,22,89,1963,38620.0
535,163,23,424,27,65,76,1987,81361.0
5268,17,8,14,10,4,3,1960,29440.0
273,130,0,16,0,0,5,1970,36138.0
4452,292,6,37,0,3,34,1957,50388.0
8504,350,60,568,110,133,145,1973,79593.0
771,135,9,39,4,0,7,1967,54178.0
8996,230,42,192,49,37,53,1957,
9235,7,0,8,2,0,1,1957,
5798,445,37,359,98,28,18,1973,
11178,15,2,10,0,1,4,1972,42394.0
2230,27,2,14,0,0,0,1970,23626.0
7516,5,3,11,12,5,9,1983,30096.0
7247,505,0,26,0,0,75,1960,47916.0
11100,51,2,7,0,1,2,1972,51813.0
4646,207,26,447,75,0,223,1951,78497.0
3037,135,46,92,65,61,11,1983,50150.0
1473,53,1,5,2,1,10,1960,47823.0
1016,41,1,6,2,0,5,1959,34554.0
4518,386,172,183,185,132,111,1979,85693.0
9370,562,81,276,80,40,81,1945,65846.0
8908,217,76,690,50,26,38,1959,87195.0
8373,1,3,6,10,0,9,1979,24594.0
7533,144,1,32,2,1,7,1964,49096.0
2683,295,106,271,75,98,65,1969,52413.0
3629,76,3,31,4,4,27,1978,38557.0
10991,454,194,106,31,22,43,1960,89058.0
5077,425,115,292,23,35,79,1979,77298.0
7431,1332,17,311,23,51,86,1991,68126.0
3267,527,0,21,0,0,60,1963,57288.0
999,490,44,125,29,20,22,1991,86037.0
9215,378,0,101,0,0,72,1980,43974.0
2286,64,1,21,0,1,27,1962,50785.0
1592,547,99,812,151,82,33,1970,90765.0
367,47,90,94,123,103,120,1978,36550.0
5234,12,5,25,0,9,30,1967,30753.0
9862,1,6,7,11,5,3,1969,21918.0
9805,320,48,133,39,72,48,1953,56129.0
6205,34,3,29,0,4,10,1967,32557.0
8442,9,0,7,3,4,7,1985,19510.0
7386,17,0,14,7,3,2,1976,30992.0
7215,722,27,102,44,72,168,1983,101970.0
1491,162,33,124,40,28,172,1965,71488.0
11071,450,133,951,173,0,216,1984,79607.0
3381,70,0,16,0,0,4,1953,54348.0
8268,352,0,27,10,0,15,1961,
11051,492,19,110,16,12,12,1956,77376.0
8026,120,58,73,65,89,58,1952,62998.0
433,534,5,47,0,5,41,1958,61331.0
9597,236,106,189,23,41,130,1969,73448.0
1295,231,65,196,38,71,124,1963,
5290,220,0,33,3,0,23,1964,41551.0
1685,796,14,590,38,44,0,1967,62981.0
5342,0,1,3,10,6,9,1976,9548.0
9579,53,1,34,2,0,16,1959,33762.0
7660,15,0,8,4,2,20,1973,35860.0
1461,17,1,12,3,1,4,1965,36921.0
821,962,61,921,52,61,20,1992,92859.0
11084,738,0,232,13,20,50,1976,65104.0
8690,399,28,756,36,40,126,1962,86111.0
2937,614,16,132,43,33,33,1974,68352.0
9701,32,34,41,73,16,116,1988,41883.0
9949,598,16,141,32,41,49,1976,59809.0
10837,2,1,18,20,11,16,1975,23957.0
3120,6,1,10,0,1,4,1981,38547.0
5885,73,3,90,12,1,32,1973,35688.0
4050,42,16,29,12,20,8,1966,49605.0
3830,295,21,78,39,13,13,1953,59354.0
7987,346,17,48,23,13,13,1969,65747.0
7798,233,20,57,8,20,91,1972,46344.0
92,5,7,24,19,14,20,1988,34176.0
7055,888,0,57,0,0,76,1952,61010.0
10240,997,26,269,34,13,42,1949,69372.0
3025,212,6,69,4,12,3,1958,49967.0
9283,8,1,7,2,0,0,1978,60199.0
9970,42,11,57,10,28,14,1977,55375.0
2730,536,11,387,149,91,57,1955,80317.0
2795,5,0,3,0,0,5,1958,30523.0
9260,1349,16,249,43,16,33,1945,70356.0
8182,53,3,49,7,4,5,1984,23228.0
10095,1001,12,240,16,12,12,1975,74165.0
8475,20,2,1582,1,2,1,1973,157243.0
4370,18,1,32,6,3,28,1966,43482.0
10573,125,16,98,134,21,27,1953,62551.0
3712,212,5,33,7,0,2,1959,52332.0
6637,277,162,305,173,76,124,1988,66951.0
3152,15,10,19,8,17,20,1957,26091.0
5610,7,3,10,8,1,7,1965,33456.0
6460,12,4,6,11,8,16,1982,28718.0
1349,85,7,24,2,3,27,1970,50447.0
1880,81,0,6,0,0,6,1959,53537.0
641,59,0,12,0,0,48,1967,52074.0
8717,1149,71,449,69,71,26,1975,80427.0
10314,847,66,119,86,89,111,1948,83837.0
10854,29,0,14,0,0,2,1970,38853.0
10492,2,0,5,2,0,1,1959,38285.0
6935,207,26,447,75,0,223,1951,78497.0
7698,152,3,22,2,5,7,1976,51650.0
3559,12,11,10,3,12,9,1988,16248.0
10562,620,26,195,34,17,141,1946,66835.0
10796,47,1,6,0,0,12,1984,30477.0
2563,1,9,7,2,14,10,1961,28249.0
3518,10,1,18,10,4,7,1983,25271.0
5823,35,0,2,0,0,2,1970,32303.0
3934,356,0,107,19,9,117,1966,61286.0
6982,783,30,537,140,76,15,1976,74068.0
6431,42,1,18,3,0,4,1964,45759.0
9733,1,4,10,29,0,36,1978,24882.0
5602,466,22,432,147,113,102,1989,66973.0
7829,15,6,8,7,4,25,1900,36640.0
1324,23,3,21,3,19,22,1988,38872.0
326,235,6,45,8,9,12,1973,51148.0
7224,10,0,10,3,1,7,1977,31353.0
6999,656,16,106,32,16,8,1980,69661.0
9938,519,17,813,27,173,51,1954,80067.0
6422,344,189,482,50,33,172,1954,86718.0
3182,96,1,79,7,1,79,1973,46854.0
7300,448,4,34,6,4,39,1952,69142.0
10424,265,138,553,224,23,92,1968,75922.0
8727,587,43,337,42,87,54,1978,63693.0
2798,763,29,138,76,176,58,1977,102160.0
1030,22,0,13,0,0,3,1965,40637.0
624,6,4,1,7,2,15,1984,18890.0
5176,7,6,13,7,6,14,1988,29604.0
5552,81,18,113,47,13,21,1963,48721.0
868,54,0,7,0,0,4,1966,44794.0
380,1170,48,320,42,32,192,1954,64497.0
2677,72,24,68,65,4,8,1956,46097.0
6521,613,22,319,33,102,12,1954,77972.0
6927,224,0,30,0,0,10,1968,44377.0
2877,410,0,59,19,9,44,1974,46014.0
0,239,10,554,254,87,54,1985,70951.0
1584,171,7,171,25,19,89,1977,41443.0
7264,12,0,4,0,0,1,1978,52195.0
6274,1076,16,417,42,48,16,1948,83790.0
1377,182,4,33,0,0,66,1954,44551.0
454,824,32,162,42,32,43,1980,69508.0
1755,30,11,25,29,1,18,1988,45204.0
2075,377,10,540,80,30,10,1969,72460.0
4785,520,7,154,19,0,14,1970,77622.0
9076,155,1,25,0,1,3,1980,30732.0
7079,897,23,207,15,11,92,1962,63887.0
4653,131,0,16,2,1,39,1978,42011.0
7375,297,7,79,0,11,182,1976,51369.0
709,787,20,204,0,0,92,1952,51537.0
460,792,86,740,67,51,17,1972,79930.0
3726,4,1,9,3,0,0,1986,34320.0
6798,231,7,137,4,15,39,1966,37070.0
5341,983,76,184,180,138,27,1962,81975.0
1606,3,1,8,4,3,3,1971,38590.0
9617,0,4,5,6,0,4,1951,15033.0
3233,562,21,464,28,10,32,1965,62745.0
89,5,9,20,6,8,21,1975,22212.0
2936,18,0,4,0,0,1,1982,23661.0
9449,415,5,124,15,35,11,1958,79761.0
7297,5,3,10,12,7,20,1973,7500.0
11004,8,0,5,7,0,2,1893,60182.0
313,901,61,757,186,163,20,1968,73455.0
9940,382,114,276,75,124,38,1958,64961.0
10735,14,1,7,2,1,1,1971,22804.0
9529,559,153,503,218,13,181,1990,73687.0
6439,789,0,133,0,28,152,1958,61074.0
7411,11,0,5,0,0,1,1964,31686.0
2176,1218,16,272,104,0,80,1972,80134.0
9265,925,64,179,133,12,77,1953,75027.0
8867,864,134,768,150,38,172,1988,67546.0
8932,960,28,183,220,70,70,1969,65176.0
10236,16,3,25,6,1,13,1975,31160.0
6340,3,3,7,0,2,11,1985,29938.0
10089,168,148,444,32,172,148,1974,102692.0
2227,45,47,52,21,20,25,1958,26490.0
10992,650,28,353,45,42,30,1967,75702.0
5304,24,0,8,0,0,1,1974,30899.0
309,918,21,118,13,10,21,1961,63342.0
3406,138,33,87,28,24,12,1964,45989.0
2661,12,4,2,10,6,10,1964,18701.0
3153,11,0,4,0,0,2,1957,40737.0
10264,1,2,8,4,3,13,1979,15287.0
1184,554,41,215,11,0,24,1968,69674.0
4200,167,2,62,24,13,7,1970,44159.0
9396,9,0,6,4,1,5,1978,37717.0
2387,177,2,71,3,2,20,1952,43776.0
6690,38,4,22,4,2,20,1966,38179.0
1225,483,84,398,205,84,241,1963,80124.0
9703,77,2,35,0,1,69,1970,38097.0
291,182,74,298,162,149,116,1970,72940.0
4557,10,7,19,8,2,21,1970,22070.0
2379,778,44,499,95,73,146,1953,69267.0
5726,16,7,23,0,8,6,1983,31788.0
3066,167,0,43,6,2,13,1975,61905.0
6336,13,2,14,8,7,4,1960,29315.0
10967,33,6,40,3,7,10,1963,33378.0
2304,625,7,99,10,22,7,1963,66313.0
3445,216,162,224,101,92,162,1956,60714.0
7828,68,129,396,188,22,15,1981,77882.0
3762,196,0,512,33,130,54,1986,69867.0
4391,635,15,100,20,7,131,1968,63841.0
4669,4,19,9,28,25,17,1981,24480.0
10144,297,7,79,0,11,182,1976,51369.0
8652,84,5,38,150,12,28,1946,37760.0
1672,204,7,149,20,15,66,1974,65640.0
8962,26,0,8,0,0,3,1975,44319.0
9974,15,6,20,4,5,20,1974,30631.0
10983,304,98,230,150,74,74,1952,75278.0
8148,285,28,242,55,114,135,1956,50898.0
10102,395,183,565,166,141,28,1966,79946.0
4697,248,3,81,4,3,51,1949,35416.0
9262,20,6,5,0,9,12,1984,32414.0
7254,39,0,56,20,8,14,1969,38361.0
4543,777,129,573,216,21,203,1980,82497.0
4927,8,3,22,21,1,13,1971,16626.0
10451,9,1,3,0,4,8,1965,29672.0
2926,1241,0,80,0,13,40,1952,55951.0
2874,6,4,7,4,3,8,1988,35388.0
9738,65,4,16,0,4,11,1986,42386.0
7119,395,15,263,60,54,38,1982,68627.0
3924,801,0,80,0,0,35,1965,57912.0
5827,36,0,12,2,2,10,1958,35246.0
5596,513,14,154,19,0,28,1956,58821.0
10812,37,0,46,4,3,0,1978,46377.0
1717,80,15,93,20,13,52,1988,39747.0
9491,14,1,21,2,3,25,1984,23976.0
9274,525,147,112,219,147,63,1961,80950.0
6609,1,26,25,17,23,15,1966,27038.0
6963,675,11,400,15,45,11,1947,77457.0
4440,509,0,27,0,0,10,1964,64100.0
1379,154,2,46,20,4,15,1992,42670.0
10032,3,5,14,2,12,17,1976,12571.0
2826,25,0,8,2,0,2,1967,22574.0
2437,861,138,461,60,30,61,1989,
6320,768,44,561,77,44,14,1976,70893.0
3050,185,0,28,3,2,17,1966,54198.0
231,24,0,7,0,0,1,1956,28839.0
2392,44,4,21,6,0,27,1972,40321.0
9478,91,64,128,65,3,50,1985,66503.0
113,11,0,7,3,1,6,1951,30833.0
2863,738,20,172,52,50,20,1970,
1802,412,5,119,38,29,77,1971,64795.0
520,3,3,7,6,2,9,1974,34421.0
8275,16,0,3,0,0,1,1965,47025.0
9750,731,60,353,78,12,73,1961,64325.0
2607,424,17,118,7,23,41,1953,40464.0
7214,792,0,275,45,45,126,1957,62187.0
5835,21,2,28,3,2,9,1976,14849.0
3896,22,1,11,0,1,2,1984,27255.0
10350,33,0,5,0,0,0,1950,54432.0
7786,68,7,59,10,5,11,1986,29999.0
2861,9,1,6,3,0,4,1983,24072.0
663,40,2,15,8,0,6,1989,33996.0
10675,909,11,218,0,0,23,1956,66334.0
2521,23,1,13,2,2,18,1971,35178.0
9592,11,2,9,3,0,8,1983,22010.0
10151,317,46,247,151,46,139,1960,62204.0
7381,797,153,293,72,97,30,1968,75693.0
4099,10,2,16,11,2,21,1972,30675.0
9560,856,61,570,40,25,122,1965,83003.0
1150,755,144,562,104,64,224,1899,83532.0
10172,456,19,832,75,118,38,1988,68655.0
11191,37,32,38,11,3,18,1986,41411.0
9707,1103,0,45,0,0,34,1969,55212.0
6245,378,14,68,19,14,14,1950,59292.0
8234,1,6,7,0,1,3,1973,27190.0
1411,204,34,204,172,153,173,1952,82623.0
8553,30,0,9,0,0,3,1965,44300.0
1826,189,104,379,111,189,218,1970,84835.0
8842,15,0,12,7,3,7,1971,30372.0
11030,9,0,3,0,0,4,1976,33181.0
2579,495,33,255,11,33,8,1957,71113.0
175,656,80,455,52,107,93,1986,71952.0
9185,452,20,514,13,30,0,1966,69759.0
11056,546,91,410,119,0,22,1974,72099.0
9365,1048,0,217,0,0,12,1976,60000.0
6201,22,2,14,0,1,10,1978,38643.0
2061,78,0,11,0,0,10,1955,50737.0
6184,561,64,785,84,128,48,1969,68462.0
6142,629,17,177,69,0,8,1943,65073.0
4107,269,15,69,15,19,38,1948,46681.0
7274,736,163,818,212,163,61,1957,78618.0
9336,512,0,83,0,0,41,1969,62187.0
2958,19,3,10,11,8,6,1978,28442.0
933,9,0,6,4,1,5,1978,37717.0
5837,247,8,160,6,8,65,1967,51479.0
10704,404,0,92,28,27,142,1969,54803.0
5125,333,0,815,129,42,29,1960,79530.0
4432,2,3,20,6,11,9,1976,31615.0
5955,833,33,549,151,133,233,1962,72025.0
2928,789,0,142,12,9,38,1975,52614.0
5680,10,4,7,0,6,3,1984,35684.0
10313,159,4,45,6,2,38,1975,48178.0
2557,7,1,6,3,1,11,1970,29548.0
1245,977,12,253,16,12,101,1966,63810.0
1519,38,4,22,3,3,3,1972,38578.0
10703,57,0,27,0,0,36,1975,46098.0
1726,3,9,15,13,2,39,1970,22585.0
4459,10,4,14,4,4,1,1989,30279.0
1729,1043,24,97,32,24,157,1961,66426.0
1517,3,9,13,2,12,12,1969,30822.0
2098,11,0,5,0,0,1,1969,33581.0
9543,3,6,5,0,2,6,1985,19986.0
6878,43,12,96,78,40,55,1954,27421.0
3310,73,3,90,12,1,32,1973,35688.0
2724,12,0,1,0,0,6,1981,36143.0
948,4,7,7,6,4,13,1971,10245.0
6720,314,11,53,4,3,107,1968,43795.0
6202,571,50,142,33,50,159,1960,63381.0
2066,70,0,11,2,8,23,1949,38823.0
9799,866,21,151,28,21,86,1968,83664.0
8318,594,134,786,33,134,57,1979,90300.0
5642,140,4,61,0,13,4,1979,62499.0
2669,375,152,335,93,91,81,1993,74293.0
455,102,9,63,2,9,24,1946,51012.0
7683,554,35,113,0,7,78,1968,70777.0
3428,919,0,505,99,30,45,1991,68682.0
7414,96,1,42,12,3,32,1971,43824.0
6354,5,2,16,3,2,19,1984,15345.0
798,2,0,6,8,6,5,1987,23442.0
8213,6,4,9,6,36,35,1980,14515.0
2488,23,1,25,0,8,7,1956,31395.0
9999,610,105,125,137,42,21,1965,75276.0
7617,67,5,61,3,8,19,1974,42373.0
615,65,36,74,38,20,110,1960,30507.0
2552,416,0,26,0,0,4,1955,55521.0
194,23,0,11,3,2,2,1965,48006.0
3645,19,3,26,10,9,3,1972,27213.0
8890,155,7,80,13,7,10,1971,65808.0
5049,14,0,24,3,3,2,1974,30351.0
9973,370,9,92,6,9,4,1963,50437.0
7301,4,22,11,3,7,32,1982,23616.0
10882,407,53,221,58,150,26,1976,53858.0
7030,1200,0,204,38,29,14,1955,66465.0
7422,85,44,54,102,78,6,1987,46923.0
3523,583,34,309,0,22,125,1962,75072.0
7106,483,0,591,156,0,12,1943,75865.0
6504,2,5,9,28,6,28,1975,19789.0
5067,966,26,282,52,26,26,1994,80134.0
4216,822,114,108,179,137,114,1981,91065.0
8581,604,0,100,19,0,28,1971,49505.0
5929,19,3,19,3,1,3,1973,37401.0
3129,5,3,11,12,5,9,1983,30096.0
6528,2,2,2,2,1,1,1982,18492.0
1361,1076,68,103,29,91,68,1974,82584.0
6932,1285,42,716,55,0,21,1941,93027.0
7284,10,0,7,2,0,1,1953,48686.0
1340,551,137,792,179,103,33,1986,92910.0
8746,800,0,297,0,34,57,1989,75433.0
5987,2,2,11,10,6,12,1989,10404.0
3767,378,0,189,97,172,172,1968,61314.0
3725,1248,16,349,43,16,16,1961,84865.0
4324,235,0,235,19,4,191,1989,42387.0
238,515,47,181,149,95,95,1967,67309.0
6694,438,66,400,12,38,114,1964,75236.0
498,25,0,22,2,3,5,1970,30015.0
9347,31,0,7,2,0,6,1956,50943.0
9699,357,35,271,28,28,14,1966,67272.0
10664,400,4,35,6,0,22,1949,51529.0
5455,99,0,15,2,1,5,1971,32011.0
456,1,11,5,4,6,9,1986,7500.0
5012,5,4,13,8,0,4,1989,28691.0
7495,77,28,31,16,0,4,1948,56223.0
5029,3,1,2,4,3,1,1946,18100.0
10642,10,4,14,4,4,1,1989,30279.0
2106,0,6,3,7,6,12,1974,20130.0
10364,0,0,1,2,12,5,1959,23295.0
5954,76,14,74,13,5,10,1972,42618.0
1137,398,190,537,61,156,37,1964,81246.0
2541,14,7,11,11,0,5,1976,24027.0
1142,208,7,82,30,66,35,1953,55707.0
2276,430,16,322,43,24,33,1955,57959.0
2807,656,38,161,62,47,37,1969,56796.0
6471,14,2,30,8,2,3,1971,36230.0
6131,141,70,106,72,19,23,1980,70829.0
6233,507,19,364,25,47,9,1976,65991.0
4148,164,24,103,12,3,42,1972,38988.0
4947,606,24,974,197,194,64,1966,89572.0
3225,116,11,72,3,17,46,1984,42207.0
7540,143,15,60,24,23,5,1952,50300.0
10648,398,96,447,220,96,32,1982,66664.0
1992,522,0,257,32,16,66,1964,60597.0
7851,161,0,253,199,191,122,1949,70165.0
8594,112,0,6,2,1,14,1958,50520.0
7059,483,84,398,205,84,241,1963,80124.0
2815,7,5,39,17,15,37,1975,33183.0
2416,789,25,420,16,38,0,1969,66582.0
7999,1239,17,413,23,34,17,1955,75261.0
9213,4,1,5,2,0,3,1970,31880.0
9697,335,42,127,28,5,5,1951,53790.0
3916,639,8,166,11,8,58,1971,49269.0
2021,563,76,384,84,192,89,1975,61456.0
1581,2,0,8,2,2,3,1980,37406.0
564,746,8,125,11,8,8,1981,56937.0
6619,22,1,13,4,0,4,1978,38415.0
9081,4,1,6,4,1,9,1988,20518.0
178,478,0,193,110,75,117,1956,62503.0
916,20,3,4,2,0,2,1972,41644.0
5512,451,0,39,0,4,24,1977,55842.0
8970,371,22,39,6,0,92,1972,62010.0
10581,281,7,84,15,0,119,1977,41124.0
5300,19,7,19,0,1,24,1973,38961.0
5154,26,3,13,2,10,0,1972,37760.0
8346,138,15,35,25,11,72,1974,32233.0
1676,213,2,44,0,2,5,1975,43057.0
9286,407,28,100,120,74,18,1960,83151.0
2426,483,74,114,169,37,18,1964,78825.0
5172,738,0,232,13,20,50,1976,65104.0
5562,502,12,109,16,6,90,1974,60093.0
3436,11,0,5,2,1,1,1969,14045.0
3921,24,1,108,29,29,14,1952,28457.0
3403,1170,19,594,99,76,134,1958,78952.0
22,185,2,88,15,5,14,1976,46310.0
10965,983,20,389,240,50,40,1955,76005.0
9426,691,0,69,10,0,130,1964,58308.0
6605,504,13,131,8,0,26,1944,55614.0
3136,317,25,265,25,19,12,1962,59432.0
8737,29,1,9,2,0,2,1978,55563.0
11088,1396,0,322,46,35,17,1971,78642.0
716,529,0,356,63,28,0,1949,67911.0
466,388,14,218,91,14,21,1944,65275.0
9135,13,2,21,4,0,24,1950,27203.0
10623,28,0,4,0,0,0,1961,48330.0
8151,16,36,21,20,62,108,1990,24279.0
5140,1047,0,140,67,38,153,1985,64355.0
10160,31,0,7,2,0,6,1956,50943.0
4945,815,10,239,28,10,108,1953,53653.0
10584,225,162,387,106,36,29,1976,65665.0
6071,493,70,324,146,40,84,1989,81217.0
3386,34,4,66,3,10,20,1992,34935.0
8939,382,138,65,60,26,59,1959,61250.0
9925,127,1,56,0,1,31,1981,39665.0
4320,325,83,300,86,58,91,1979,60152.0
5389,238,17,68,8,10,6,1964,48920.0
6036,1168,92,408,72,129,55,1959,89120.0
182,284,0,55,0,6,52,1946,44124.0
203,1288,20,613,80,61,27,1975,81169.0
11025,65,0,46,4,3,20,1961,36443.0
10203,11,7,9,3,1,11,1990,26095.0
4607,227,23,389,42,21,75,1959,71367.0
3711,1035,134,670,25,38,0,1944,80184.0
3696,27,1,12,2,0,10,1965,30630.0
2532,982,73,351,56,14,175,1987,73454.0
9214,179,2,64,38,17,58,1991,42691.0
4943,1379,33,216,0,33,66,1953,70503.0
35,32,1,64,16,12,85,1987,25545.0
2258,8,4,15,7,6,2,1986,32880.0
4322,881,38,319,16,25,12,1958,77863.0
713,141,15,153,67,31,35,1977,50353.0
4702,1000,155,379,224,17,120,1964,61839.0
3281,206,10,67,30,27,71,1960,49154.0
702,162,61,83,97,57,61,1975,47682.0
2004,619,54,260,127,54,54,1969,72679.0
4769,456,4,24,0,0,9,1977,57954.0
4437,112,6,92,3,9,38,1962,65316.0
8724,11,3,22,2,2,6,1982,28567.0
10741,172,12,112,8,0,15,1951,47352.0
1991,78,0,11,0,0,7,1967,44931.0
6931,464,151,292,65,60,30,1967,76982.0
11096,99,4,32,37,54,6,1952,57247.0
304,19,3,19,4,5,26,1981,22944.0
3665,1,9,8,11,3,22,1977,25315.0
10591,63,10,83,7,19,19,1969,43638.0
5036,252,3,42,4,3,102,1984,42710.0
5547,1478,19,403,0,19,0,1982,84169.0
7822,198,18,252,32,108,54,1976,54058.0
8541,8,4,10,6,7,6,1990,24683.0
10955,416,46,925,60,107,46,1964,85620.0
4368,42,7,43,20,12,10,1980,47850.0
9671,14,3,21,2,1,28,1968,19514.0
2256,17,0,3,0,0,1,1973,27159.0
4279,15,4,10,3,4,18,1963,39548.0
5371,6,16,24,11,0,34,1989,21474.0
9240,458,0,24,6,4,34,1971,60504.0
9460,30,3,47,19,21,42,1963,22419.0
9504,179,28,520,111,123,47,1949,81698.0
8692,90,17,97,15,6,15,1952,43462.0
448,308,85,137,102,45,118,1978,54880.0
8314,557,129,761,29,185,111,1982,79908.0
8420,7,4,13,15,8,17,1970,15315.0
3174,1492,38,287,50,57,33,1959,87771.0
7685,30,8,12,8,8,12,1978,33039.0
3179,249,153,940,58,134,38,1980,81741.0
9780,465,25,132,136,0,37,1971,71499.0
10681,129,129,259,168,121,83,1970,62466.0
10232,174,18,81,28,6,24,1963,48799.0
4184,189,2,29,3,2,40,1950,52157.0
9120,747,10,161,65,40,42,1962,66565.0
891,6,0,2,2,0,1,1951,29298.0
10381,14,0,3,0,0,4,1979,47691.0
3525,12,0,4,0,0,1,1970,38200.0
6818,98,0,106,49,10,106,1974,44989.0
3526,32,0,5,0,0,1,1968,38443.0
8181,51,12,49,17,24,24,1978,38593.0
1029,200,5,44,0,10,20,1970,64413.0
7369,25,6,25,6,0,0,1981,36959.0
2574,1050,12,144,0,0,24,1977,61996.0
8159,117,0,22,13,0,30,1968,51287.0
1160,9,4,17,10,2,7,1970,13260.0
10242,56,0,11,0,0,8,1966,47472.0
5253,145,13,46,17,2,4,1956,54603.0
5966,203,0,10,0,0,2,1974,45207.0
5314,270,3,27,39,6,99,1951,40689.0
5081,9,0,16,6,6,10,1967,47821.0
5123,37,12,23,8,11,52,1951,27450.0
5756,46,0,7,0,0,2,1983,39453.0
8036,31,1,13,7,2,9,1971,26850.0
9058,1060,21,530,32,0,224,1955,79800.0
5057,264,47,188,54,47,11,1961,61794.0
254,399,4,30,6,4,30,1955,53863.0
4179,8,9,9,2,5,22,1959,24221.0
3710,19,0,35,6,4,17,1984,39684.0
7627,817,183,797,106,163,20,1975,92163.0
4501,292,127,635,132,127,165,1965,69882.0
6424,12,6,2,11,2,16,1977,33178.0
3075,130,30,168,20,34,0,1972,59973.0
4992,6,4,16,3,10,30,1975,17459.0
5252,16,12,18,7,1,13,1969,23910.0
7444,19,0,9,0,0,2,1969,42169.0
6919,4,7,15,13,9,15,1978,26224.0
3537,31,3,31,2,8,4,1981,31089.0
10277,36,0,2,0,0,4,1961,30081.0
2453,526,28,135,10,21,99,1960,62807.0
7972,400,32,519,71,75,54,1955,72906.0
895,410,16,114,0,5,49,1948,61467.0
1177,80,3,26,4,2,14,1966,49618.0
7141,88,10,46,2,3,64,1986,21888.0
7232,55,0,6,2,0,4,1973,42429.0
8477,5,1,13,3,5,1,1956,26150.0
2457,8,4,5,15,2,11,1975,30801.0
988,410,0,592,147,22,22,1965,81168.0
7930,101,13,76,20,18,40,1969,26877.0
4587,162,25,53,16,0,10,1944,45006.0
6682,2,8,1,4,7,15,1973,18978.0
6222,25,0,8,2,0,2,1967,22574.0
10299,389,91,248,64,49,41,1969,48240.0
3083,215,13,87,17,17,24,1974,45837.0
8953,27,0,5,0,0,3,1965,35791.0
1503,85,1,16,2,1,2,1976,162397.0
8650,5,6,10,6,5,10,1978,54162.0
10862,179,8,83,19,11,26,1960,30522.0
2782,352,0,27,10,0,15,1961,54456.0
6941,17,8,12,11,15,32,1971,31632.0
10972,625,35,169,58,17,35,1949,72298.0
10708,10,6,11,0,4,2,1978,36975.0
6583,390,22,323,104,35,107,1955,72635.0
3641,10,2,15,2,1,6,1976,13624.0
10156,215,63,507,231,31,190,1975,84196.0
4299,1001,17,572,93,125,17,1960,70971.0
3469,19,18,33,24,1,8,1977,34487.0
5063,41,5,129,10,3,3,1977,28769.0
10727,1181,107,199,39,30,30,1970,69084.0
9624,603,45,207,36,18,54,1958,65488.0
5156,129,129,259,168,121,83,1970,62466.0
4376,10,24,15,13,1,30,1960,32218.0
8923,514,22,732,42,198,79,1973,83917.0
8461,14,0,1,0,0,1,1962,46102.0
6945,387,20,713,38,54,163,1952,84574.0
944,121,103,69,8,44,48,1962,56181.0
1907,965,69,279,54,41,69,1950,63120.0
701,707,21,250,85,43,73,1971,73691.0
3856,571,50,142,33,50,159,1960,63381.0
4149,586,66,653,17,0,26,1948,76140.0
2131,1063,89,102,16,12,25,1959,62859.0
2942,305,3,27,4,3,144,1964,45906.0
1173,1200,105,758,0,42,147,1947,77632.0
4381,163,2,40,8,11,11,1971,46463.0
4611,1009,181,104,202,21,207,1970,105471.0
3376,125,6,73,8,4,19,1970,55282.0
4679,721,0,152,119,50,50,1977,78710.0
10928,315,4,62,41,31,146,1958,66886.0
4248,1000,19,711,125,115,38,1960,98777.0
6728,16,0,17,6,3,6,1985,29103.0
6661,757,80,217,29,80,11,1974,67445.0
4725,30,2,25,0,1,9,1950,50616.0
3277,219,3,100,26,0,17,1955,49431.0
5555,1,1,1,1,1,1,1975,153924.0
2564,111,3,28,2,6,15,1953,61278.0
946,45,47,52,21,20,25,1958,26490.0
3867,410,112,420,0,82,71,1947,73059.0
6940,100,1,39,6,1,76,1966,46734.0
55,509,0,65,7,11,5,1963,56253.0
7093,3,6,5,0,2,6,1985,19986.0
5084,445,53,213,104,98,151,1975,58330.0
1777,2,2,11,41,7,11,1980,25965.0
8162,4,1,11,6,2,2,1956,14661.0
10826,6,1,7,23,4,19,1959,18690.0
8754,14,0,3,0,0,3,1974,45068.0
1987,1,10,11,19,3,15,1987,21063.0
11007,26,0,6,0,0,2,1968,29187.0
7426,111,16,37,7,9,18,1971,54690.0
9153,418,61,428,80,51,10,1964,59304.0
10379,327,9,122,19,14,83,1962,59247.0
9204,371,159,194,58,106,141,1970,66731.0
3197,275,59,107,69,101,59,1980,77353.0
2920,789,0,142,12,9,38,1975,52614.0
6961,1,1,5,0,3,1,1974,26751.0
4673,1004,12,145,32,12,36,1963,81300.0
9937,187,81,149,25,43,91,1979,70337.0
8779,56,4,76,17,1,18,1985,36145.0
9596,365,32,117,34,110,6,1980,65295.0
2891,595,23,123,10,23,154,1963,68118.0
4910,1132,134,384,175,134,115,1967,68743.0
75,34,11,137,179,61,45,1982,41039.0
10120,116,6,82,6,6,41,1955,38946.0
6327,565,32,435,28,32,54,1967,65777.0
10142,372,18,126,47,48,78,1976,66476.0
9826,899,102,838,133,102,40,1972,86857.0
1501,55,16,1622,17,3,4,1982,160803.0
10767,760,40,480,0,40,26,1989,77845.0
7279,260,86,559,63,9,67,1969,69476.0
7230,459,0,24,6,0,4,1960,50611.0
143,466,0,224,119,49,99,1970,61209.0
450,67,15,80,17,11,80,1958,42315.0
9316,2,0,7,3,7,10,1952,13084.0
6379,67,1,20,0,2,31,1949,47570.0
9239,92,4,18,3,3,6,1961,61923.0
8315,4,2,11,2,0,4,1995,34824.0
2868,20,1,28,3,3,2,1949,26518.0
10888,273,11,178,62,83,29,1961,45938.0
1277,434,22,388,104,22,34,1960,78468.0
9977,321,11,309,33,26,34,1973,78901.0
10196,212,123,177,15,64,23,1978,71427.0
6384,909,12,278,0,12,242,1978,71022.0
8029,1184,32,352,21,16,16,1988,90247.0
968,112,19,21,16,14,5,1968,41335.0
6988,656,80,455,52,107,93,1986,71952.0
4472,23,0,8,6,2,18,1970,35682.0
6991,537,6,42,16,6,30,1951,43185.0
3336,712,0,45,0,0,191,1948,66375.0
4301,23,1,13,2,2,18,1971,35178.0
1940,1,3,4,2,2,6,1986,25252.0
1272,664,58,83,32,0,66,1965,55250.0
1388,6,10,21,19,14,42,1975,33249.0
1044,299,5,201,21,21,49,1953,58398.0
6969,99,13,66,43,8,4,1982,50272.0
10479,749,40,294,121,160,147,1975,76618.0
3619,345,25,501,63,138,80,1960,87305.0
1715,9,4,18,7,5,5,1978,25851.0
10159,440,81,368,0,122,174,1970,58710.0
1463,8,2,5,3,0,3,1958,45160.0
5114,670,9,249,0,28,9,1965,74806.0
4990,524,0,134,28,28,155,1954,59111.0
4329,6,0,6,2,1,1,1984,18988.0
10936,597,166,597,172,166,249,1965,72190.0
4692,7,0,12,13,7,32,1976,7500.0
7212,54,0,7,0,0,4,1966,44794.0
6086,445,25,706,80,76,48,1955,80395.0
437,294,142,218,164,58,151,1976,75012.0
11171,292,3,77,10,3,26,1965,56962.0
11101,412,22,132,59,28,183,1991,89891.0
5329,8,0,3,0,0,0,1949,35946.0
610,349,4,78,6,0,43,1953,53593.0
9384,328,9,124,12,24,109,1978,66373.0
5956,144,2,99,7,2,30,1948,45072.0
10430,1126,28,211,37,28,42,1973,89694.0
7875,967,0,617,43,50,0,1949,72025.0
7072,432,79,341,177,136,170,1973,67432.0
6255,138,39,63,55,18,21,1952,70545.0
6516,0,0,1,7,4,6,1989,17487.0
5564,509,133,497,78,24,97,1969,62882.0
5682,948,10,86,13,21,21,1953,64108.0
7458,39,2,25,4,3,24,1956,34941.0
5237,28,1,21,3,0,10,1950,48767.0
7761,13,11,24,13,8,40,1978,38702.0
5278,307,26,360,138,31,40,1964,82224.0
3560,901,31,345,75,31,191,1952,83844.0
7235,2,5,12,4,8,7,1975,17003.0
10548,283,17,372,138,106,44,1995,71163.0
2281,4,3,7,0,3,11,1970,33697.0
4073,769,80,252,15,34,65,1954,63564.0
6974,518,42,742,55,56,84,1972,83443.0
7938,350,8,66,17,4,4,1958,51518.0
7094,445,53,213,104,98,151,1975,58330.0
3667,778,178,689,41,27,44,1969,80952.0
7723,709,93,374,104,80,80,1979,75507.0
3870,359,35,314,93,116,89,1978,63855.0
4012,799,12,375,16,12,12,1972,62220.0
5909,895,10,101,13,0,152,1964,58512.0
10470,40,2,23,0,4,23,1979,40662.0
6488,76,0,7,0,0,16,1959,38829.0
10270,11,5,22,12,5,11,1981,35523.0
6887,245,16,223,21,43,16,1967,79146.0
6406,647,107,391,175,67,40,1988,78285.0
7573,39,1,9,2,1,34,1978,31626.0
4508,203,35,305,46,17,227,1952,75127.0
221,138,3,38,4,0,59,1955,48726.0
5331,587,51,898,247,0,86,1977,74985.0
1911,595,97,291,127,133,121,1987,67430.0
20,43,12,23,29,15,61,1965,46891.0
8786,301,7,74,10,0,58,1956,62058.0
10582,180,32,348,76,32,90,1979,72063.0
1915,794,115,243,150,0,205,1951,78939.0
8897,392,5,91,28,26,112,1965,42720.0
2371,39,1,22,3,4,12,1972,33622.0
4303,107,2,12,2,2,12,1957,6835.0
6825,13,0,3,0,0,0,1953,41452.0
1072,70,0,17,0,0,6,1965,40760.0
4964,680,11,392,75,0,0,1958,74250.0
2461,26,1,11,0,1,4,1955,51124.0
10736,522,0,522,227,120,134,1971,72258.0
3194,412,12,546,78,182,0,1974,71466.0
10839,6,5,5,8,0,5,1976,36283.0
49,2,3,6,4,1,9,1970,20587.0
4290,1,3,8,2,5,5,1972,30467.0
10219,6,2,15,6,6,3,1972,31590.0
4211,4,12,5,3,16,17,1986,20425.0
1135,18,2,19,0,2,6,1960,17144.0
6299,324,48,186,39,18,198,1968,42564.0
10846,327,9,125,25,4,139,1978,43783.0
347,229,27,71,13,3,34,1976,40780.0
6543,521,168,706,80,76,61,1945,62847.0
10446,184,23,446,30,23,23,1957,82017.0
3479,4,8,11,12,2,13,1950,16813.0
11075,183,2,64,7,2,12,1978,51267.0
4442,31,19,35,26,14,52,1961,46524.0
199,219,3,60,12,9,12,1962,45183.0
6722,479,28,136,75,14,35,1954,70421.0
796,584,44,212,46,8,177,1965,60161.0
3749,627,91,597,159,91,15,1973,73926.0
8523,24,1,16,12,2,5,1968,19329.0
310,330,5,159,36,27,16,1970,61872.0
8629,19,1,10,2,1,8,1956,46984.0
236,28,23,29,29,14,47,1951,34838.0
9930,606,148,228,15,148,22,1944,82716.0
3483,1039,43,204,153,58,29,1958,48192.0
4599,411,0,26,0,0,21,1976,49681.0
7326,34,1,19,2,7,0,1971,56850.0
7352,161,28,136,32,3,45,1957,55267.0
2350,623,53,178,23,17,133,1972,59666.0
9145,604,26,470,123,161,94,1972,72504.0
2964,3,10,8,3,16,32,1981,26872.0
5585,12,2,17,6,1,10,1972,21359.0
9687,184,174,256,50,30,32,1975,73170.0
3732,393,0,239,90,69,69,1955,52750.0
6303,410,73,747,76,161,30,1986,91820.0
11176,376,9,83,19,4,4,1970,65968.0
2986,7,2,4,2,1,4,1976,30772.0
7462,68,0,226,51,157,68,1954,22507.0
3900,642,14,49,0,7,57,1972,65685.0
7034,8,7,9,13,6,12,1978,25804.0
9493,840,53,804,23,71,17,1980,76412.0
1143,7,10,13,3,11,11,1972,22063.0
1,464,5,64,7,0,37,1961,57091.0
3855,30,3,47,19,21,42,1963,22419.0
5536,1492,38,287,50,57,33,1959,87771.0
5989,752,122,476,39,153,34,1959,78353.0
9499,1279,15,287,20,0,15,1954,93404.0
6768,22,1,8,2,1,2,1962,37859.0
2150,860,28,409,73,56,56,1958,80995.0
6646,3,0,5,13,0,1,1984,16529.0
4887,10,5,28,11,1,8,1976,55412.0
8560,351,16,156,7,5,145,1992,48789.0
3321,421,5,90,0,16,10,1967,56575.0
11003,2,5,7,0,18,18,1980,25130.0
10402,25,1,9,2,1,1,1967,35441.0
9904,336,123,274,46,123,141,1956,71391.0
6141,191,9,97,0,6,82,1972,49494.0
5687,563,50,774,28,31,187,1980,81702.0
10856,31,0,6,0,1,8,1980,45889.0
5121,479,5,82,7,17,171,1977,56628.0
4186,18,6,15,12,8,17,1950,34026.0
368,91,65,52,10,44,28,1974,40049.0
3312,5,7,24,19,14,20,1988,34176.0
11121,2,14,28,16,3,7,1981,19419.0
5332,362,50,431,134,35,54,1960,82504.0
5848,724,74,929,97,55,130,1970,81205.0
10343,605,91,399,0,45,205,1991,61618.0
5935,547,7,140,0,7,63,1956,55284.0
2895,104,1,54,13,9,14,1963,49980.0
10262,8,2,15,0,10,18,1980,15072.0
7848,224,2,25,7,0,110,1974,49166.0
9477,384,0,102,21,32,5,1954,65324.0
4856,556,54,845,202,133,63,1957,82347.0
7186,24,0,2,0,0,9,1966,30843.0
5794,408,0,21,0,0,17,1974,46374.0
1456,265,199,303,234,9,170,1979,60474.0
4877,34,0,7,0,0,0,1973,38576.0
425,374,64,116,84,25,64,1985,55357.0
3007,27,2,10,0,0,1,1966,37758.0
1031,600,20,350,29,30,33,1989,85710.0
4297,13,2,18,6,1,0,1969,23228.0
807,167,2,89,0,0,34,1969,44602.0
9553,0,2,3,4,1,5,1987,7500.0
4271,46,35,69,84,41,66,1989,38683.0
4120,88,39,78,58,13,93,1975,49514.0
2036,243,11,119,10,3,15,1973,57906.0
115,275,11,68,25,7,7,1966,43456.0
4259,6,0,4,0,0,0,1986,19485.0
8687,121,62,90,68,20,125,1978,53172.0
2447,4,12,15,19,7,12,1979,30545.0
10140,1308,0,396,23,0,0,1983,70123.0
9353,515,47,267,62,66,38,1959,62450.0
3623,4,0,16,17,4,4,1976,21675.0
738,48,13,57,24,15,25,1981,42395.0
7631,562,58,168,43,16,142,1978,61346.0
4789,769,22,500,210,143,33,1953,80812.0
773,379,4,93,12,9,98,1971,42835.0
10602,29,12,59,19,1,36,1983,39922.0
1446,387,68,569,89,45,68,1956,86424.0
3270,12,23,38,30,18,7,1978,17117.0
8443,6,10,12,3,15,40,1972,24762.0
9653,27,1,14,4,1,21,1975,35797.0
8916,9,1,5,0,0,1,1975,36627.0
8017,22,0,19,6,5,3,1981,51111.0
5830,899,102,838,133,102,40,1972,86857.0
4597,889,55,685,168,92,129,1970,82072.0
7023,189,2,55,0,5,12,1953,46231.0
8086,48,0,2,0,0,5,1959,42243.0
8825,230,14,156,82,24,58,1962,51195.0
2930,852,60,207,78,36,48,1978,68092.0
1928,35,3,20,4,1,20,1973,31814.0
7108,205,20,47,23,2,56,1965,51390.0
10925,255,31,446,40,56,175,1983,76630.0
9960,0,0,1,8,3,2,1991,26868.0
8800,437,8,206,160,49,42,1943,48948.0
9224,825,8,53,11,0,242,1972,55260.0
5519,316,58,161,76,51,135,1956,64090.0
5046,756,138,354,160,169,61,1958,78331.0
7037,194,55,134,15,0,3,1974,37087.0
905,7,17,18,6,10,26,1986,21846.0
8624,183,33,493,59,103,57,1958,81320.0
8945,171,0,11,0,1,20,1970,54137.0
6445,243,101,405,29,40,40,1967,66825.0
2727,181,21,69,39,3,96,1973,57100.0
6404,151,7,89,0,7,28,1969,58917.0
11074,494,92,391,194,11,241,1977,85072.0
10150,464,28,873,29,18,37,1961,86429.0
1968,5,1,5,10,0,7,1971,45684.0
6534,29,0,29,0,5,4,1974,47889.0
9485,102,9,49,24,3,12,1986,45921.0
7053,604,28,674,91,28,28,1966,78420.0
4654,571,12,523,63,60,24,1992,75114.0
9760,953,0,71,0,0,174,1963,52278.0
1048,63,3,67,8,9,28,1972,35641.0
10619,770,29,890,250,27,24,1994,95529.0
9308,398,61,265,138,61,53,1954,62820.0
10505,741,19,154,50,9,28,1960,73113.0
8362,1478,19,403,0,19,0,1982,84169.0
2625,156,29,56,30,32,47,1954,42607.0
4637,960,64,464,146,0,16,1954,74637.0
9972,38,0,2,0,0,6,1955,46015.0
4483,315,26,473,220,12,182,1993,72354.0
4487,15,20,25,2,7,26,1969,39858.0
4988,19,6,20,0,5,12,1948,34469.0
8931,812,99,431,237,149,33,1986,83033.0
5871,73,28,217,10,24,115,1979,24401.0
2008,372,23,384,250,12,108,1978,77583.0
3139,871,111,704,145,55,166,1982,74116.0
10037,375,152,335,93,91,81,1993,74293.0
10673,760,80,466,17,13,80,1976,68397.0
5303,471,0,510,99,21,12,1974,79632.0
538,31,9,27,16,9,33,1989,46107.0
7922,819,0,72,12,0,63,1951,64950.0
5692,1,4,3,8,9,7,1989,25443.0
4843,203,35,305,46,17,227,1952,75127.0
6383,26,0,15,2,1,2,1971,32892.0
1628,354,21,311,167,75,32,1971,71796.0
1204,1253,0,447,23,71,35,1970,67536.0
3673,371,17,238,23,24,106,1971,55239.0
760,588,7,76,110,15,15,1975,60554.0
8957,480,86,249,75,86,144,1952,64831.0
4128,517,12,54,16,6,120,1962,56067.0
6810,267,98,606,48,70,98,1983,82025.0
5386,1111,24,790,160,45,172,1953,94384.0
8700,7,7,14,7,16,15,1986,14906.0
3202,1166,0,48,0,0,36,1987,51563.0
1328,261,42,144,55,48,133,1982,57937.0
8405,135,25,51,23,25,46,1979,68274.0
6515,6,2,18,2,8,14,1977,39771.0
2882,711,28,142,49,18,47,1975,67893.0
7574,11,0,13,2,4,11,1979,27922.0
6387,42,0,17,0,0,18,1976,52190.0
5320,79,7,58,6,3,18,1973,44051.0
5048,20,6,43,19,5,38,1971,42767.0
8146,30,0,8,2,0,14,1976,46106.0
10031,20,2,23,3,1,4,1976,16927.0
5748,115,27,44,4,146,139,1965,59754.0
2134,263,5,233,69,41,83,1952,53700.0
1523,69,2,15,2,2,6,1973,59041.0
9665,267,3,30,4,0,57,1957,54237.0
4640,561,85,171,25,123,114,1967,70647.0
3635,492,0,37,7,0,42,1962,52597.0
3547,14,7,9,6,16,12,1969,41021.0
2456,80,4,46,0,17,2,1975,40233.0
5633,97,12,84,13,10,15,1980,50183.0
7801,197,107,227,7,59,131,1959,54753.0
10489,693,21,925,31,24,84,1973,92955.0
7011,43,2,27,0,9,12,1973,33471.0
2620,14,0,2,0,0,7,1974,34596.0
3933,186,36,234,86,72,48,1980,44010.0
10981,434,137,400,45,137,45,1988,84219.0
1734,59,0,11,4,2,5,1968,40706.0
10995,16,5,30,8,7,26,1988,15716.0
6357,230,35,75,63,57,31,1959,59052.0
9209,829,138,430,60,92,15,1971,80573.0
10286,318,8,407,150,35,8,1962,83715.0
2611,1206,55,445,168,18,18,1959,82576.0
1600,292,3,77,10,3,26,1965,56962.0
3308,30,9,12,2,11,30,1952,35704.0
5407,729,17,133,11,0,195,1954,53103.0
2166,12,1,3,0,0,7,1960,46779.0
3955,2,1,1,1,0,1,1965,4861.0
6634,22,3,18,0,0,11,1979,33462.0
3056,587,43,337,42,87,54,1978,63693.0
5718,674,168,108,192,42,231,1950,80763.0
6872,284,3,84,4,7,23,1974,65352.0
8164,1023,93,651,49,55,37,1978,82170.0
4580,1394,22,708,89,91,182,1969,75759.0
9305,311,26,640,180,37,121,1976,79689.0
453,27,0,12,0,1,5,1956,35340.0
8545,1296,17,311,45,69,51,1954,85683.0
9850,3,6,7,0,0,3,1972,24884.0
7378,393,5,136,7,5,27,1981,42021.0
7646,218,63,282,137,35,70,1989,64449.0
1640,66,0,16,0,6,20,1954,64587.0
5184,4,2,11,2,0,4,1995,34824.0
8492,795,0,545,95,58,0,1978,75437.0
11188,15,10,19,8,17,20,1957,26091.0
1212,384,25,292,130,41,64,1973,52845.0
9097,244,8,32,7,2,50,1956,46086.0
10473,158,19,288,25,0,38,1956,78028.0
7962,1285,21,449,106,20,20,1987,95169.0
9984,349,16,144,28,5,182,1981,56337.0
5527,4,12,11,3,13,15,1987,22434.0
6374,223,2,31,0,2,39,1954,36930.0
7453,157,43,127,68,56,37,1954,36130.0
8952,397,46,288,20,38,70,1953,65569.0
241,901,31,345,75,31,191,1952,83844.0
8975,14,3,21,2,1,28,1968,19514.0
6119,10,0,3,0,0,4,1963,36736.0
5236,1230,0,396,232,178,158,1979,77568.0
5723,81,1,31,2,1,0,1976,49187.0
1710,154,20,66,0,12,27,1978,30168.0
1970,63,0,21,7,0,12,1968,34053.0
5313,30,0,11,0,0,3,1971,38196.0
10634,90,67,165,30,43,11,1951,59412.0
7010,635,114,254,132,152,76,1965,70924.0
8562,127,4,73,15,6,11,1969,54165.0
3158,13,3,6,6,5,6,1973,32300.0
4436,18,42,24,15,20,18,1976,20180.0
5287,45,2,26,4,1,1,1973,34961.0
2445,38,1,24,0,0,0,1974,28440.0
6059,986,36,168,16,0,108,1953,64504.0
4550,61,0,3,0,0,7,1966,33564.0
4240,4,9,16,17,0,12,1978,17345.0
8911,201,53,172,116,77,83,1967,56320.0
3706,19,8,29,0,12,26,1978,28647.0
3628,4,8,11,19,12,26,1987,15038.0
10175,18,0,2,0,0,2,1958,32173.0
8985,806,80,161,120,11,33,1964,68316.0
5204,380,98,733,110,112,28,1971,74538.0
9220,576,172,961,125,115,19,1971,91700.0
9888,458,81,356,106,50,40,1969,68695.0
5263,5,10,13,3,8,16,1977,31056.0
1020,350,60,568,110,133,145,1973,79593.0
9503,39,33,130,41,26,44,1980,28071.0
10613,26,1,16,2,2,15,1958,37334.0
67,68,0,16,0,0,8,1972,46423.0
6019,45,3,9,4,4,7,1971,37126.0
5863,359,0,134,13,26,123,1953,47703.0
3717,403,24,29,6,24,218,1959,61180.0
6730,34,1,14,0,0,5,1954,38998.0
10749,73,18,66,7,12,2,1991,8028.0
4998,292,30,415,63,33,200,1962,76081.0
6287,14,0,16,0,0,6,1986,34728.0
5985,80,1,37,0,1,3,1965,33168.0
4754,30,11,33,13,6,29,1966,33585.0
4002,463,96,333,168,53,10,1960,77037.0
8870,75,12,141,43,39,187,1984,35196.0
966,538,13,91,17,6,26,1966,44529.0
4767,635,114,254,132,152,76,1965,70924.0
9725,8,0,3,0,0,1,1966,28764.0
4475,1315,22,780,145,0,178,1949,69098.0
5740,4,2,12,7,5,26,1970,25959.0
5731,12,0,13,2,0,10,1983,27100.0
7290,347,44,534,17,0,26,1985,70596.0
3846,192,5,53,0,5,15,1974,42557.0
8104,241,0,12,0,0,25,1951,53312.0
4507,631,28,491,30,14,56,1952,72228.0
11013,336,28,282,184,54,54,1987,67605.0
4491,1099,0,45,0,0,34,1949,62845.0
3759,743,19,181,12,0,200,1958,65196.0
1162,124,83,267,85,59,35,1987,42000.0
2055,15,0,8,4,2,20,1973,35860.0
10766,397,19,69,12,0,9,1964,65526.0
4415,10,4,4,3,3,14,1961,16860.0
3005,530,117,678,134,44,147,1992,83528.0
2223,1215,33,249,64,116,149,1965,64176.0
4817,3,2,7,0,4,2,1956,22304.0
2875,444,44,382,11,8,17,1978,67023.0
10536,26,0,15,2,1,2,1971,32892.0
11112,736,114,279,82,76,190,1966,70713.0
3807,473,21,176,19,21,56,1955,59925.0
9197,32,0,5,2,0,8,1953,39722.0
10832,288,10,30,4,10,125,1958,46610.0
6421,1050,178,555,77,138,118,1961,88347.0
4207,1001,44,107,58,44,44,1981,87171.0
577,9,1,7,0,3,2,1976,26907.0
10855,234,14,77,19,10,42,1968,50014.0
3081,7,2,6,2,0,3,1978,41014.0
3535,251,108,334,65,92,117,1965,66294.0
247,172,10,125,21,13,16,1971,36715.0
8707,565,42,548,64,83,99,1956,79456.0
9523,5,0,8,2,0,0,1982,40479.0
6072,918,57,842,99,38,133,1970,75345.0
6295,652,8,158,21,0,142,1977,54233.0
10914,4,1,7,2,1,2,1970,24163.0
1509,152,27,103,106,54,81,1958,84460.0
5577,8,0,9,2,1,3,1983,43776.0
7348,336,130,411,240,32,43,1958,71691.0
1127,938,19,843,25,95,38,1973,85844.0
1833,68,8,18,19,8,12,1974,39190.0
4944,227,23,389,42,21,75,1959,71367.0
9080,38,4,22,3,3,3,1972,38578.0
6466,105,0,9,2,1,4,1965,57236.0
9964,162,50,100,55,30,27,1979,61825.0
4790,574,8,216,21,16,33,1958,79803.0
10245,160,80,369,67,39,41,1986,80910.0
1109,6,0,5,0,0,1,1982,27590.0
6001,614,35,160,58,35,35,1979,56775.0
5538,897,161,430,186,161,27,1975,83829.0
10552,70,54,109,80,9,45,1979,54210.0
1545,120,19,206,25,19,54,1986,38508.0
7409,211,2,30,7,7,10,1970,53187.0
4444,11,0,16,7,6,21,1972,30023.0
146,760,53,400,17,93,0,1960,76045.0
6271,53,0,8,0,0,2,1952,50870.0
10065,7,4,13,15,8,17,1970,15315.0
4741,391,32,70,21,32,16,1974,65463.0
246,199,9,57,20,21,6,1965,66480.0
375,516,56,449,86,33,16,1954,76773.0
1524,709,45,115,30,160,45,1983,81698.0
10022,12,0,4,0,0,0,1973,54466.0
7451,1000,19,711,125,115,38,1960,98777.0
11010,19,3,18,3,1,0,1984,16269.0
4356,1224,28,140,0,14,168,1971,71819.0
3885,16,2,18,3,0,24,1983,33569.0
1175,88,39,54,64,28,153,1983,36262.0
880,2,23,11,8,6,46,1966,22634.0
2320,508,11,59,23,5,29,1978,47025.0
850,381,28,215,84,28,21,1968,70566.0
4713,74,0,42,2,1,6,1979,31605.0
675,146,0,93,7,13,73,1973,52034.0
5025,23,17,23,43,20,9,1979,48526.0
2308,110,5,137,26,23,29,1954,46734.0
5995,165,3,147,4,24,41,1962,39552.0
6749,957,47,494,82,47,95,1966,86358.0
1010,41,0,17,3,1,16,1977,46931.0
8977,1,3,4,2,3,11,1985,16581.0
4756,176,29,818,0,33,112,1952,63998.0
3412,815,8,53,11,0,70,1951,67381.0
606,6,1,2,2,0,4,1967,25930.0
5961,8,4,20,6,3,16,1978,42693.0
2975,717,42,864,219,30,84,1976,85606.0
2894,1067,138,750,0,19,39,1985,72903.0
7613,166,5,107,11,8,29,1974,49669.0
10542,29,4,34,2,4,4,1968,36778.0
8015,714,76,395,116,0,12,1962,85696.0
10617,8,4,10,2,2,4,1989,10979.0
11166,229,5,56,3,2,20,1961,49678.0
849,320,48,133,39,72,48,1953,56129.0
523,23,0,26,7,15,3,1989,37155.0
4066,1,5,8,4,8,20,1978,21282.0
8414,56,0,12,0,0,18,1962,33419.0
819,508,124,249,50,38,134,1945,63285.0
4961,29,0,25,2,2,3,1974,21255.0
749,46,7,59,2,4,27,1981,42162.0
5430,454,0,171,8,19,32,1956,54450.0
7755,350,3,39,0,0,19,1954,57744.0
10525,10,0,8,0,0,9,1986,26576.0
1453,735,40,183,52,20,30,1943,57513.0
8310,897,126,196,91,112,37,1964,68142.0
10710,5,2,3,3,0,5,1979,7500.0
5031,777,35,731,39,137,114,1974,83145.0
2613,162,6,37,6,13,13,1960,54197.0
213,35,0,11,0,0,2,1963,23091.0
967,342,9,112,19,14,19,1976,46049.0
1077,258,105,239,237,172,9,1974,56715.0
7959,658,80,483,123,13,13,1961,79410.0
640,356,80,329,138,17,106,1951,57304.0
4252,213,5,28,7,7,41,1965,44375.0
8432,454,0,171,8,19,32,1956,54450.0
6218,457,4,29,0,0,9,1965,59594.0
6905,241,45,604,34,26,54,1994,80685.0
5922,210,0,6,0,0,2,1974,40344.0
3598,441,35,83,7,29,11,1972,62710.0
6116,19,13,18,10,7,8,1968,48985.0
6263,28,9,37,12,7,13,1968,35322.0
10486,476,75,162,29,151,97,1948,77142.0
2410,364,40,425,158,60,50,1969,81657.0
193,0,0,2,3,3,8,1996,14421.0
3363,0,6,3,7,6,12,1974,20130.0
8278,863,83,547,86,99,33,1990,74214.0
10660,349,7,35,0,0,47,1957,66726.0
8686,5,23,15,0,18,14,1979,23724.0
1604,184,2,19,8,8,4,1960,47353.0
5907,8,0,8,0,0,2,1952,33444.0
10669,277,21,64,62,21,25,1981,54386.0
2918,44,5,19,0,4,19,1981,28510.0
5735,1156,120,915,94,144,96,1991,90638.0
359,373,14,83,6,9,19,1950,48070.0
8387,134,8,76,6,0,11,1957,43140.0
1829,1148,0,60,0,0,24,1961,54959.0
3839,6,12,3,21,6,40,1958,15056.0
9392,4,1,11,0,0,1,1971,26954.0
2292,5,4,8,2,0,5,1985,22327.0
10466,24,2,20,2,2,10,1965,44393.0
9855,899,0,101,0,0,20,1952,62000.0
4088,108,1,28,13,1,4,1962,31497.0
5231,27,2,7,0,2,13,1974,45894.0
590,816,66,549,216,66,99,1970,78579.0
8732,1298,0,70,37,14,42,1969,67369.0
2315,10,0,11,17,29,29,1960,58401.0
3515,87,13,34,10,6,10,1952,62307.0
2245,57,2,51,4,2,23,1969,43641.0
6283,635,15,100,20,7,131,1968,63841.0
2246,43,12,23,29,15,61,1965,46891.0
6606,964,34,137,15,0,11,1969,70091.0
5545,572,8,259,34,35,80,1972,78075.0
7342,341,142,113,259,151,66,1961,59184.0
837,63,6,57,13,13,22,1977,54809.0
9500,221,104,169,102,78,84,1959,58113.0
3602,140,3,29,4,5,14,1958,51412.0
234,1,2,8,4,3,13,1979,15287.0
2995,291,10,689,84,10,0,1957,66636.0
1118,544,13,85,8,6,29,1956,50965.0
7789,684,100,801,21,66,0,1965,84618.0
3068,1,12,9,0,14,7,1990,18351.0
8955,35,0,4,0,0,10,1957,40451.0
945,87,3,25,3,2,13,1965,36317.0
5644,309,3,24,4,3,20,1957,42213.0
7192,172,73,93,95,78,34,1955,65748.0
2324,625,38,242,50,34,76,1972,77044.0
697,972,59,913,25,19,59,1969,74918.0
3439,157,6,39,6,13,75,1972,56721.0
1506,48,9,45,3,15,20,1975,42160.0
232,279,83,88,32,14,34,1965,61559.0
8876,132,0,16,0,0,4,1963,33629.0
4500,919,0,505,99,30,45,1991,68682.0
9739,62,0,22,3,1,26,1963,34377.0
10395,1,45,3,4,6,42,1986,8940.0
1176,2,6,4,3,1,9,1973,26228.0
1627,408,61,109,48,122,41,1957,77297.0
938,51,1,7,2,1,25,1981,40211.0
2740,62,1,16,3,2,6,1958,33438.0
257,952,12,180,47,12,12,1959,75032.0
4058,618,15,106,20,7,45,1955,61284.0
7736,11,7,12,2,2,27,1986,22518.0
8210,318,3,17,4,7,56,1975,54730.0
833,56,0,14,0,0,2,1955,38452.0
6230,110,5,59,7,1,7,1971,44421.0
7325,23,0,11,2,1,3,1986,38197.0
1307,27,5,8,8,3,12,1978,41986.0
1502,18,3,19,3,3,6,1983,28427.0
6211,18,0,9,0,1,11,1976,37395.0
843,303,0,280,60,147,15,1971,64722.0
4174,97,1,19,2,0,11,1956,55249.0
9757,997,15,414,99,30,76,1972,84906.0
6918,5,4,13,8,0,4,1989,28691.0
286,95,11,35,0,4,7,1952,44213.0
11086,1,6,2,3,6,3,1984,25707.0
1921,46,1,12,3,0,9,1967,59062.0
4138,411,106,147,54,115,66,1962,76624.0
7718,244,51,270,101,0,45,1947,66000.0
1291,152,9,121,12,12,45,1978,27683.0
6862,1,1,3,1,1,1,1971,1730.0
4136,10,17,18,8,26,40,1992,7500.0
803,12,0,5,0,0,4,1968,40521.0
4298,5,0,4,0,0,1,1973,20427.0
10833,790,19,133,12,0,19,1975,65106.0
9606,882,29,514,38,29,44,1965,69969.0
8534,615,28,259,12,48,30,1952,67433.0
5153,1004,59,265,115,59,27,1967,77766.0
961,133,27,421,13,195,71,1972,74716.0
5011,595,23,123,10,23,154,1963,68118.0
6653,293,0,87,4,11,23,1970,55158.0
9094,313,15,47,20,0,192,1955,62972.0
810,151,81,86,168,91,64,1975,74190.0
5493,15,0,2,0,0,6,1976,39356.0
2147,736,63,946,219,189,126,1969,76653.0
5107,15,0,8,4,2,20,1973,35860.0
3979,982,17,672,23,34,51,1983,90687.0
6049,1142,51,415,90,69,37,1982,73450.0
8147,28,0,11,0,0,9,1960,31454.0
1857,46,0,12,0,2,23,1952,47139.0
3910,897,161,430,186,161,27,1975,83829.0
5207,489,6,152,8,6,132,1963,53378.0
11114,25,4,9,6,8,32,1970,19656.0
5429,145,1,33,2,1,1,1948,45579.0
9400,630,26,611,44,18,54,1958,85485.0
1740,760,38,104,50,9,38,1944,55956.0
7488,420,15,186,151,38,15,1963,64191.0
195,125,17,52,3,19,30,1972,38808.0
635,464,5,64,7,0,70,1966,57183.0
7527,6,6,29,12,15,8,1968,23748.0
10319,1090,12,96,16,12,60,1971,66303.0
2296,3,2,11,2,2,10,1975,37368.0
10637,24,0,27,8,30,10,1964,40800.0
2931,737,21,106,55,63,210,1978,71847.0
907,254,6,71,4,0,27,1975,46149.0
3698,817,185,687,145,55,241,1983,78687.0
9516,620,54,239,99,98,119,1971,49118.0
679,13,4,20,0,0,1,1957,37633.0
7384,113,61,204,34,26,47,1951,39767.0
5043,7,23,78,133,49,144,1951,26997.0
5267,16,2,18,2,1,5,1970,33986.0
339,462,0,24,6,0,4,1972,57091.0
2516,22,2,10,6,4,34,1969,46831.0
9010,968,147,842,137,42,210,1972,83151.0
378,283,112,151,51,72,125,1971,52531.0
4808,1,2,5,6,0,3,1956,15759.0
5068,14,1,7,2,1,1,1971,22804.0
7628,30,5,24,6,3,8,1973,43050.0
7128,4,0,5,0,1,5,1977,42997.0
2811,52,0,9,0,0,1,1963,48918.0
3551,62,1,57,19,11,48,1954,60033.0
1663,20,2,14,3,0,10,1978,34043.0
5543,545,7,114,37,21,78,1966,57811.0
1577,558,79,622,207,175,95,1946,78569.0
10641,6,5,4,13,4,25,1978,7500.0
5336,39,1,9,2,0,8,1971,157733.0
6024,1111,24,790,160,45,172,1953,94384.0
1878,4,6,8,6,3,10,1985,23148.0
3099,183,5,65,3,5,49,1970,44267.0
6055,546,72,376,94,145,72,1979,71626.0
5841,606,7,155,10,0,54,1966,60894.0
3972,266,6,51,8,6,64,1976,50200.0
4394,1142,29,249,38,29,14,1965,81051.0
5758,1074,0,69,0,0,46,1982,65169.0
6658,771,51,154,54,10,154,1972,59868.0
4603,371,32,189,0,58,6,1960,65695.0
8427,556,14,717,210,0,43,1956,64857.0
10260,202,5,74,11,5,14,1965,45143.0
7143,209,162,209,41,162,37,1955,74805.0
8789,35,40,111,36,40,12,1989,59060.0
6197,37,0,17,0,0,3,1962,27238.0
4554,171,45,73,59,10,90,1965,47009.0
4937,12,2,20,3,2,5,1973,46094.0
1920,44,4,21,6,0,27,1972,40321.0
8749,20,2,9,4,6,20,1984,37235.0
1650,779,86,537,34,69,138,1960,81843.0
10377,170,6,97,24,12,88,1958,46692.0
9206,491,48,231,112,105,134,1968,77382.0
10971,173,8,107,7,2,176,1977,37774.0
6398,7,10,13,16,0,4,1974,18393.0
9212,1205,0,235,19,14,205,1962,72828.0
7937,10,7,25,6,3,7,1982,24711.0
839,97,4,44,6,1,18,1975,45503.0
4246,67,11,26,4,3,262,1982,6560.0
158,345,53,528,98,75,97,1945,71604.0
4832,6,5,17,3,24,46,1979,27244.0
5621,73,57,100,71,15,0,1969,48752.0
1945,711,36,217,172,96,168,1962,71434.0
5147,774,70,118,182,187,93,1948,90842.0
2535,163,0,480,0,126,75,1978,88097.0
11039,82,33,54,71,30,41,1975,51948.0
9495,358,108,413,141,97,32,1982,71853.0
9635,66,2,40,4,3,14,1983,35876.0
2173,13,6,7,0,3,3,1952,40049.0
942,139,13,78,20,13,36,1982,39660.0
9386,274,0,21,4,6,15,1962,50127.0
5510,262,6,61,0,10,102,1977,43263.0
873,1099,0,45,0,0,34,1949,62845.0
2253,32,0,8,23,4,18,1990,18929.0
5181,2,4,2,0,11,5,1982,24367.0
979,6,10,21,19,14,42,1975,33249.0
10390,6,7,4,3,4,6,1959,26887.0
4698,135,46,92,65,61,11,1983,50150.0
7793,641,7,84,0,30,38,1976,62061.0
1745,714,76,395,116,0,12,1962,85696.0
10590,794,73,573,0,29,14,1956,76542.0
5080,420,0,452,182,64,140,1993,70515.0
8369,1,2,7,4,3,11,1987,18227.0
5232,86,12,75,33,15,6,1965,69139.0
2407,823,25,459,124,29,95,1982,69109.0
3834,231,161,215,171,30,53,1962,69627.0
7912,8,15,27,0,20,33,1978,38136.0
7712,182,17,259,77,70,29,1946,62159.0
1065,557,129,984,193,37,18,1963,80695.0
7275,79,1,31,4,4,12,1971,33316.0
1343,368,24,68,38,0,88,1968,58554.0
1384,6,4,14,8,8,22,1992,17256.0
9967,160,15,196,15,11,50,1974,53034.0
6181,488,21,238,56,108,28,1950,52203.0
10507,691,7,69,0,7,23,1977,59601.0
2674,543,10,205,160,143,82,1958,75154.0
2698,254,7,108,20,0,26,1976,47025.0
3231,5,4,10,2,2,7,1973,37971.0
4096,112,19,21,16,14,5,1968,41335.0
10476,134,11,59,15,2,30,1958,67267.0
5948,143,6,52,11,8,17,1975,57338.0
9140,51,4,24,4,7,1,1960,50523.0
10258,27,0,5,0,0,3,1965,35791.0
5675,459,0,24,6,0,4,1960,50611.0
4743,689,8,167,11,8,88,1969,56242.0
8805,283,10,38,0,13,27,1960,48904.0
1542,347,0,35,4,3,7,1975,56243.0
6770,5,13,14,0,5,31,1985,21355.0
8773,280,0,18,0,0,24,1971,57420.0
10475,187,5,65,26,20,14,1970,
10420,95,14,64,2,9,38,1955,46390.0
7514,84,10,34,11,10,28,1956,54342.0
2902,19,4,12,2,2,6,1958,
4345,5,1,9,2,0,4,1964,
793,18,3,17,3,0,4,1973,20895.0
10909,992,24,694,51,19,119,1948,92344.0
3769,25,1,13,0,0,3,1972,
8702,9,1,7,0,3,2,1976,26907.0
4791,19,1,17,2,0,2,1980,44964.0
2963,709,93,374,104,80,80,1979,75507.0
8216,158,0,76,13,7,71,1972,53761.0
8140,10,14,29,4,2,36,1973,22682.0
10146,25,1,13,0,0,3,1972,38887.0
5289,8,4,12,15,4,29,1975,41658.0
2587,14,0,6,0,0,0,1972,29791.0
4405,622,7,115,30,0,15,1956,63915.0
8663,11,0,3,0,0,1,1974,39996.0
2589,25,3,16,8,5,2,1972,26759.0
3421,635,15,100,20,7,131,1968,63841.0
10490,100,64,79,65,0,109,1969,51039.0
4094,201,2,43,3,5,35,1961,60544.0
9958,642,14,49,0,7,57,1972,65685.0
2534,97,1,41,6,2,41,1953,37716.0
4188,204,5,39,17,0,89,1957,36864.0
6613,513,7,133,46,14,14,1970,44511.0
10827,88,3,21,4,1,29,1967,36947.0
5491,172,12,112,8,0,15,1951,47352.0
8402,329,35,222,130,35,43,1953,67087.0
8783,296,13,104,11,13,17,1950,57045.0
10010,100,2,16,2,1,31,1953,36957.0
618,422,7,238,69,46,15,1977,69389.0
9121,1218,16,272,104,0,80,1972,80134.0
361,5,1,7,2,1,4,1969,43142.0
4310,507,93,520,242,40,26,1944,80589.0
2678,52,12,50,4,36,55,1990,34412.0
6376,191,56,139,51,8,100,1979,57537.0
524,2,23,11,8,6,46,1966,22634.0
10341,68,28,39,16,30,41,1948,51315.0
5654,20,4,10,6,4,17,1972,36026.0
4098,20,3,16,0,4,1,1973,24639.0
5824,7,0,1,0,0,0,1972,34578.0
7000,279,172,74,38,8,246,1972,65704.0
2561,977,12,253,16,12,101,1966,63810.0
5229,30,1,8,0,0,3,1969,54132.0
4086,6,1,7,23,4,19,1959,18690.0
2428,3,18,26,11,8,12,1970,28164.0
8254,14,0,2,0,0,7,1974,34596.0
2836,10,1,7,0,0,1,1972,43269.0
8418,7,10,17,8,6,13,1958,38741.0
1362,33,87,64,175,16,74,1972,31907.0
7152,12,0,13,2,0,10,1983,27100.0
10033,2,3,10,11,2,10,1973,31163.0
9349,693,21,118,110,147,42,1985,92533.0
274,9,3,15,2,3,2,1973,34853.0
3388,129,26,67,3,67,2,1967,70844.0
922,16,2,11,3,0,16,1979,31086.0
8588,201,2,43,3,5,35,1961,60544.0
2518,5,4,5,4,2,10,1986,20491.0
574,14,36,11,3,26,35,1964,42523.0
3220,29,12,59,19,1,36,1983,39922.0
5967,26,2,19,10,5,8,1952,33402.0
1183,9,1,4,3,2,3,1949,36408.0
6856,14,0,23,4,5,19,1979,21645.0
4530,972,19,595,180,26,138,1948,78427.0
1553,966,168,672,246,105,126,1946,82657.0
4682,99,27,102,28,48,6,1958,51876.0
8204,482,35,553,72,160,17,1971,78041.0
5221,714,8,99,11,0,47,1957,52852.0
1232,587,54,348,71,54,130,1982,70038.0
1927,399,27,159,58,8,39,1973,69401.0
5788,56,10,92,19,7,25,1972,46053.0
6652,227,151,573,98,54,31,1965,77343.0
6246,703,102,601,0,58,43,1953,73892.0
5975,37,0,17,0,0,3,1967,40304.0
6875,167,13,180,86,13,70,1965,32727.0
4399,458,81,356,106,50,40,1969,68695.0
4042,91,3,52,2,1,31,1971,43300.0
2157,15,8,16,11,5,22,1972,26290.0
10133,1302,68,731,89,114,45,1970,93790.0
2525,153,64,123,116,64,14,1974,38410.0
8233,508,5,21,7,5,10,1950,64866.0
9483,290,59,177,77,5,29,1959,57957.0
2945,38,0,2,0,0,6,1955,46015.0
10403,2,13,6,7,5,11,1978,16531.0
5074,30,0,10,2,0,5,1986,28072.0
10524,386,23,95,54,41,196,1963,49476.0
4690,443,10,75,0,10,48,1953,50725.0
7521,901,31,345,75,31,191,1952,83844.0
7196,9,0,3,0,0,1,1950,41145.0
4406,846,84,352,91,56,42,1970,67419.0
9672,8,3,9,19,4,22,1970,23162.0
4864,72,7,58,13,1,24,1977,34380.0
4706,29,0,5,0,1,5,1966,34704.0
4070,169,24,553,188,0,144,1969,94871.0
25,460,35,422,33,12,153,1958,65148.0
3697,69,8,26,12,7,12,1954,39898.0
217,556,14,717,210,0,43,1956,64857.0
4220,73,0,13,0,1,0,1970,59892.0
5286,112,1,54,7,7,36,1987,41020.0
9559,944,0,60,0,0,30,1961,57072.0
2849,265,199,303,234,9,170,1979,60474.0
7787,526,28,135,10,21,99,1960,62807.0
3102,2,3,12,3,5,7,1981,19414.0
5868,2,4,9,10,5,16,1980,19107.0
8370,378,97,259,197,194,34,1976,75484.0
9988,553,25,142,65,67,8,1976,70379.0
2939,751,127,687,20,15,31,1970,79419.0
5529,406,0,30,0,0,8,1946,64014.0
9743,1449,89,161,69,35,107,1955,76998.0
5763,123,17,171,39,0,30,1972,49854.0
3478,267,42,309,55,42,21,1971,60585.0
7494,209,0,40,3,2,15,1950,42873.0
1763,1259,172,815,97,148,33,1988,87679.0
7250,344,35,178,15,23,17,1978,57867.0
2005,22,3,30,0,5,15,1990,35765.0
10770,247,161,295,210,85,47,1959,65492.0
6885,38,0,12,3,1,1,1977,32952.0
2072,896,10,101,13,10,34,1969,53374.0
9463,931,56,253,91,98,14,1959,71706.0
6318,758,12,385,33,89,89,1988,68487.0
4093,216,9,57,20,9,125,1975,53253.0
5751,2,3,10,11,2,10,1973,31163.0
3340,244,15,108,4,15,50,1977,42014.0
3594,539,6,91,8,6,97,1973,54108.0
3584,1181,26,120,17,13,39,1955,49667.0
3643,750,8,125,11,8,26,1974,63206.0
851,306,5,109,21,109,92,1972,57136.0
7706,350,104,189,197,151,57,1975,46772.0
3967,331,197,170,58,152,35,1971,78931.0
10128,620,16,165,0,24,82,1958,53977.0
486,434,137,400,45,137,45,1988,84219.0
9,57,0,27,0,0,36,1975,46098.0
9451,811,76,428,99,137,107,1965,73538.0
9264,423,42,706,73,197,197,1986,79529.0
3865,2,12,10,6,13,30,1977,20981.0
2853,60,51,87,6,20,51,1980,51766.0
1490,675,0,85,10,7,77,1962,55759.0
6310,30,8,12,8,8,12,1978,33039.0
10380,40,1,40,4,3,18,1972,37787.0
3887,3,17,26,20,1,39,1970,27242.0
4278,910,111,724,49,74,55,1983,87188.0
8643,252,98,827,219,70,196,1971,69930.0
1998,34,6,21,11,4,8,1976,37697.0
10795,19,3,19,3,1,3,1973,37401.0
11110,2,1,1,0,0,1,1973,3502.0
2408,490,0,184,10,28,21,1976,58597.0
202,332,194,377,149,125,57,1948,82032.0
7998,53,8,17,13,0,21,1958,28087.0
830,784,48,560,42,176,48,1987,74004.0
3536,7,11,3,10,4,20,1960,19740.0
6050,1171,43,219,19,14,47,1975,57036.0
125,215,7,33,3,0,13,1958,53083.0
3463,674,62,134,0,26,8,1975,69283.0
2804,57,0,27,0,0,36,1975,46098.0
3745,5,36,7,0,10,45,1988,23331.0
9771,104,20,101,24,15,5,1988,23331.0
451,9,0,7,2,0,4,1989,9255.0
10530,431,82,441,80,20,102,1959,67786.0
1079,1000,0,76,0,0,10,1971,71969.0
8920,448,40,469,80,0,91,1967,59235.0
6678,33,4,24,4,2,5,1989,31928.0
3852,505,72,270,36,27,54,1961,74881.0
528,267,38,701,149,165,63,1978,65819.0
73,14,0,3,0,0,1,1953,51411.0
5589,631,0,115,10,7,30,1964,51983.0
10212,65,4,16,0,4,11,1986,42386.0
6365,10,12,12,25,1,20,1987,30390.0
5636,51,4,50,12,1,49,1963,30983.0
591,293,35,179,46,59,65,1957,66033.0
2217,11,1,2,2,1,6,1975,37284.0
2544,50,1,27,6,7,1,1951,57530.0
7725,173,26,255,35,71,81,1965,76800.0
8091,423,184,368,13,97,21,1956,63943.0
7321,292,30,415,63,33,200,1962,76081.0
5462,757,80,217,29,80,11,1974,67445.0
7791,12,1,6,0,1,5,1967,37054.0
955,167,2,44,6,2,19,1962,47175.0
4037,3,1,3,8,0,5,1976,31859.0
6642,30,5,22,8,9,28,1961,27215.0
2793,532,88,168,69,44,133,1976,70179.0
5424,29,12,59,19,1,36,1983,39922.0
879,411,0,26,0,0,21,1976,49681.0
9530,5,3,4,4,1,0,1988,24645.0
4828,71,99,278,185,121,38,1954,79865.0
10699,46,0,40,3,0,3,1985,44322.0
1497,268,11,88,15,3,22,1952,47958.0
7476,928,63,254,0,12,12,1964,63972.0
4390,459,15,171,142,23,31,1954,75315.0
10478,483,0,108,0,6,36,1950,55517.0
1081,733,9,180,12,19,66,1957,75283.0
4261,1006,22,115,59,68,45,1946,82800.0
9916,34,1,14,0,0,5,1954,38998.0
5350,1156,120,915,94,144,96,1991,90638.0
8135,7,4,23,7,0,11,1986,27161.0
8685,244,15,108,4,15,50,1977,42014.0
4967,233,0,23,0,0,12,1960,38201.0
2130,35,3,67,10,8,24,1982,45203.0
9298,1252,0,465,46,35,0,1947,81574.0
8175,34,4,66,3,10,20,1992,34935.0
6257,255,43,134,37,14,24,1976,60482.0
3790,8,1,5,0,0,1,1956,34633.0
9952,368,32,639,13,43,10,1947,78093.0
3503,255,47,573,52,32,15,1950,82460.0
5223,33,8,10,2,10,3,1966,45903.0
4608,163,23,424,27,65,76,1987,81361.0
1626,15,0,8,4,2,20,1973,35860.0
4764,45,12,52,25,22,13,1952,40442.0
2471,48,58,68,16,66,43,1965,61482.0
5892,158,6,45,8,2,2,1980,34968.0
2612,754,160,625,63,32,48,1987,75794.0
4971,108,1,28,13,1,4,1962,31497.0
5185,199,66,315,97,174,41,1955,74268.0
10069,2,7,5,2,15,27,1988,13724.0
2262,202,5,74,11,5,14,1965,45143.0
1131,85,0,3,0,0,7,1967,52569.0
1041,322,3,50,4,3,42,1973,48432.0
24,18,2,19,0,2,6,1960,17144.0
3409,141,8,129,3,11,47,1984,36108.0
7022,739,107,309,140,80,35,1971,76445.0
7943,18,0,6,3,3,5,1975,36663.0
5272,378,0,88,19,4,73,1965,53843.0
5453,1083,108,649,253,151,108,1956,90226.0
2565,1016,12,215,16,12,63,1955,70638.0
800,23,1,6,0,0,2,1960,44512.0
11092,12,1,21,2,2,3,1961,27116.0
5062,35,0,4,0,0,0,1963,54072.0
8969,548,31,422,0,112,28,1977,71855.0
4656,342,32,230,34,32,40,1990,51250.0
4480,365,3,15,4,3,11,1973,60432.0
9971,397,19,69,12,0,9,1964,65526.0
6729,456,19,832,75,118,38,1988,68655.0
1773,5,6,15,11,7,13,1978,12393.0
9242,836,185,575,24,25,77,1990,64509.0
1764,100,2,128,23,7,10,1975,33955.0
6215,10,0,10,3,1,7,1977,31353.0
10099,238,115,215,169,69,76,1984,55434.0
5423,6,0,5,2,1,2,1983,28359.0
940,158,11,99,15,11,17,1987,57100.0
3011,86,12,75,33,15,6,1965,69139.0
3298,856,0,76,12,9,199,1956,52973.0
8286,98,1,17,0,1,5,1965,51717.0
9668,4,16,20,0,17,20,1971,18793.0
5120,398,96,447,220,96,32,1982,66664.0
6097,313,8,104,6,4,126,1959,50664.0
7019,109,18,16,24,26,18,1963,54414.0
7408,216,2,6,0,0,9,1952,54549.0
8041,595,71,153,120,112,41,1971,47111.0
252,123,133,142,71,44,88,1963,41003.0
9986,16,0,23,3,2,10,1982,19444.0
3276,11,12,35,3,5,12,1976,36301.0
3859,410,112,420,0,82,71,1947,73059.0
3570,159,2,51,6,2,24,1969,42731.0
3783,105,0,10,0,1,0,1959,52854.0
10207,5,1,8,0,0,1,1978,22775.0
10906,269,15,69,15,19,38,1948,46681.0
3427,629,0,70,0,0,35,1955,59821.0
5209,443,5,71,21,16,82,1954,50002.0
10711,217,77,373,111,23,93,1945,69755.0
10785,24,1,10,2,0,4,1969,44078.0
2814,9,1,5,4,5,7,1976,30560.0
6866,8,0,14,2,3,7,1969,35924.0
1665,1459,0,61,0,15,215,1964,64140.0
6575,230,48,214,13,32,75,1981,56386.0
3829,1,3,6,10,0,9,1979,24594.0
3091,340,21,134,258,14,56,1981,75774.0
10141,7,1,6,0,3,3,1960,39228.0
5177,298,7,68,4,0,19,1974,58494.0
7005,479,35,179,28,7,85,1981,58684.0
6409,267,140,599,34,12,127,1967,57136.0
7485,67,4,32,17,2,16,1950,56551.0
8079,3,1,8,23,2,18,1982,22448.0
8395,980,37,265,35,163,31,1961,82014.0
10352,50,4,28,6,3,26,1963,34213.0
4931,1,0,1725,2,1,1,1977,157146.0
13,19,0,5,0,0,8,1947,25358.0
1834,30,5,23,4,1,4,1978,35544.0
2285,213,9,76,4,3,30,1954,36634.0
2295,539,30,92,80,46,38,1954,62670.0
1378,284,16,160,84,16,134,1972,50334.0
2781,1003,34,536,134,51,34,1981,72066.0
1165,239,13,143,45,4,52,1958,50729.0
1404,51,23,82,33,0,42,1968,34916.0
6457,527,24,230,32,24,65,1976,64892.0
2639,19,5,12,10,3,19,1966,43602.0
8299,40,2,15,8,0,6,1989,33996.0
6437,21,8,20,15,3,9,1985,41473.0
6912,593,30,91,29,22,7,1967,63246.0
7327,21,5,3,10,1,7,1959,36732.0
5299,1181,107,199,39,30,30,1970,69084.0
4127,1004,59,265,115,59,27,1967,77766.0
8143,202,2,46,3,2,10,1985,37929.0
1964,446,107,768,33,196,53,1951,86610.0
3690,1184,102,673,52,40,40,1986,80141.0
3433,390,22,323,104,35,107,1955,72635.0
3389,726,53,363,123,107,161,1970,69016.0
4712,8,8,22,24,11,9,1991,20193.0
1170,50,15,110,39,15,15,1975,27573.0
6347,1,1,4,11,9,10,1979,15862.0
4065,308,0,73,0,0,23,1976,49544.0
8230,22,2,31,7,4,5,1980,33228.0
1215,690,117,499,76,102,88,1978,70440.0
5939,43,5,28,7,6,33,1971,38232.0
2156,27,0,10,0,0,4,1955,22554.0
7788,6,0,3,0,0,1,1983,23536.0
10323,205,7,41,3,2,46,1952,49413.0
7947,24,0,8,0,1,4,1969,42231.0
1891,667,50,850,21,83,83,1980,78789.0
2570,691,7,61,10,0,46,1968,56534.0
9256,493,26,206,116,80,80,1971,58350.0
295,493,70,324,146,40,84,1989,81217.0
7397,494,5,82,7,0,100,1951,49090.0
6349,621,73,414,78,48,85,1987,61787.0
10790,9,0,5,0,0,7,1985,18169.0
10398,1,6,2,8,2,12,1981,24336.0
2431,12,4,19,12,6,14,1990,18222.0
550,243,131,217,85,6,26,1952,62335.0
1890,11,1,4,2,0,7,1971,42033.0
10742,532,21,127,26,20,20,1983,86580.0
10356,29,0,2,0,0,1,1957,41437.0
4676,612,91,520,258,107,107,1951,73705.0
8852,387,126,342,0,45,180,1976,61064.0
3565,56,0,14,0,0,2,1955,38452.0
5294,6,8,19,16,4,4,1989,18358.0
1958,582,0,65,0,0,13,1973,55012.0
7349,6,17,16,6,16,42,1973,9722.0
8799,70,6,69,2,3,3,1984,38175.0
1351,962,12,194,16,24,12,1956,58656.0
1045,112,10,107,30,0,20,1965,52117.0
7732,293,0,124,179,97,52,1978,64813.0
8070,199,12,31,3,12,7,1973,54222.0
477,1060,61,835,80,20,101,1986,83512.0
7832,940,44,396,0,88,58,1959,77520.0
2202,44,2,11,2,3,7,1978,41154.0
7396,342,51,936,207,35,26,1966,80398.0
4055,2,10,11,12,9,20,1992,18746.0
10340,75,12,141,43,39,187,1984,35196.0
10091,520,20,367,39,81,40,1956,60230.0
7629,5,3,9,6,2,6,1977,22108.0
10640,87,5,71,7,12,29,1974,44392.0
3498,462,61,184,10,53,107,1976,55424.0
6742,2,2,1,3,1,2,1979,17688.0
1172,979,44,935,29,25,22,1983,92491.0
569,704,129,853,120,74,111,1991,90273.0
4686,861,31,558,62,95,79,1962,82571.0
1381,172,3,115,16,0,18,1982,38513.0
2634,5,7,31,15,4,7,1979,16653.0
10905,194,2,56,0,0,0,1955,42586.0
1744,9,7,13,3,2,20,1965,23529.0
1000,505,72,270,36,27,54,1961,74881.0
3828,533,10,217,198,174,195,1951,71107.0
8605,48,0,14,0,0,6,1964,46910.0
10304,6,1,7,23,4,19,1959,18690.0
4351,18,2,10,0,0,25,1955,37244.0
10129,482,147,509,104,107,107,1966,82427.0
2499,204,97,97,21,118,26,1958,75342.0
10092,1073,0,250,153,14,14,1954,70044.0
7500,245,16,223,21,43,16,1967,79146.0
5796,560,21,442,29,44,29,1963,77437.0
10556,173,13,131,32,3,6,1959,54984.0
1064,22,1,11,0,5,3,1971,42403.0
48,136,1,12,0,3,32,1964,55761.0
7610,275,0,86,10,23,66,1983,37292.0
263,56,19,29,2,14,25,1945,45576.0
10814,303,23,751,82,26,191,1947,70321.0
9710,708,7,62,0,0,15,1969,58086.0
9292,324,132,693,27,118,88,1952,81795.0
10250,1,5,3,7,4,8,1947,28389.0
7881,620,26,195,34,17,141,1946,66835.0
5847,312,21,206,102,92,149,1969,69901.0
737,1493,86,454,112,43,43,1949,80360.0
3571,918,21,118,13,10,21,1961,63342.0
7807,98,0,106,49,10,106,1974,44989.0
3878,3,4,7,15,8,11,1980,31859.0
5092,380,0,47,6,0,34,1949,51569.0
2154,15,0,12,7,3,7,1971,30372.0
5394,3,9,4,7,8,7,1979,16014.0
3798,24,2,23,0,8,24,1968,41120.0
3524,80,1,60,4,6,16,1971,39763.0
5247,31,0,6,2,1,5,1955,38725.0
5883,138,120,204,16,126,60,1972,77981.0
2118,166,75,96,119,107,59,1964,62905.0
8812,12,3,8,8,0,17,1979,13533.0
6616,178,3,85,71,66,58,1975,59481.0
2797,707,20,171,65,60,50,1977,72117.0
4328,5,1,7,17,14,11,1986,21955.0
9167,465,71,250,93,35,62,1956,67131.0
10560,16,1,2,0,0,1,1980,36802.0
2631,358,108,413,141,97,32,1982,71853.0
8312,1,9,7,2,14,10,1961,28249.0
5534,123,1,26,2,0,72,1975,47808.0
5093,40,3,30,10,7,11,1974,25509.0
7592,102,9,63,2,9,24,1946,51012.0
8895,347,44,534,17,0,26,1985,70596.0
8584,376,53,462,168,53,53,1952,85431.0
2694,21,0,3,0,0,0,1967,42664.0
8910,194,2,56,0,0,0,1955,42586.0
7433,64,4,68,7,5,17,1985,29760.0
164,206,0,46,3,2,12,1977,28973.0
10477,71,0,18,0,0,13,1973,39435.0
2681,71,22,112,138,89,29,1984,65370.0
5150,0,4,7,11,10,15,1979,20194.0
5283,93,1,21,0,4,25,1976,42473.0
9645,920,138,168,36,46,30,1968,64590.0
10678,653,17,170,34,26,17,1959,71232.0
7261,199,33,60,8,3,15,1971,34600.0
9648,153,4,56,0,9,31,1967,46904.0
2870,376,0,38,11,8,69,1973,49094.0
8008,46,0,30,12,1,30,1983,36075.0
1513,600,21,128,223,150,128,1979,60839.0
6173,425,115,292,23,35,79,1979,77298.0
1419,18,6,15,12,8,17,1950,34026.0
9150,52,0,9,0,0,1,1963,48918.0
7960,734,22,350,151,25,100,1962,82122.0
1250,34,6,21,11,4,8,1976,37697.0
9905,135,1,41,10,1,67,1952,34074.0
10691,11,0,10,0,2,20,1960,28520.0
7002,163,48,90,0,45,52,1955,62535.0
2952,29,3,30,3,2,9,1977,36273.0
8439,734,26,70,11,44,17,1964,63404.0
762,340,21,134,258,14,56,1981,75774.0
2831,453,38,279,188,38,183,1976,78416.0
6977,1073,0,629,145,37,37,1974,75702.0
6289,135,0,10,0,4,36,1951,59385.0
4168,231,7,137,4,15,39,1966,37070.0
8397,18,0,5,0,0,11,1951,44689.0
9284,620,16,165,0,24,82,1958,53977.0
6237,81,4,33,5,2,291,1966,7144.0
3130,12,4,2,10,6,10,1964,18701.0
1619,292,51,981,224,23,17,1956,90369.0
1990,965,34,586,89,86,37,1974,63159.0
5513,27,2,10,0,0,1,1966,37758.0
269,777,30,163,0,51,122,1963,46757.0
8093,572,8,232,23,62,17,1969,79734.0
10513,438,169,565,91,169,70,1992,63207.0
10177,531,69,300,150,138,150,1954,72071.0
2549,17,0,9,0,0,1,1983,21840.0
5782,402,35,106,101,77,42,1982,58582.0
10057,503,27,419,90,139,153,1951,72282.0
10307,369,9,87,12,14,34,1956,50387.0
8566,5,0,3,0,0,1,1961,32583.0
2415,362,17,398,80,35,61,1962,62568.0
5684,56,0,9,0,0,3,1971,44635.0
8334,79,1,31,4,4,12,1971,33316.0
9166,387,84,141,73,35,162,1968,63967.0
1440,367,17,241,104,188,232,1978,52513.0
78,15,0,11,0,2,9,1969,25293.0
5441,267,6,54,8,3,50,1965,54111.0
5302,298,27,697,216,24,166,1986,78394.0
4687,674,92,736,39,0,92,1958,80739.0
1087,16,14,36,37,22,48,1975,22669.0
6859,37,4,24,16,9,9,1987,29236.0
9860,159,0,22,2,1,31,1959,44911.0
7129,686,17,142,23,26,35,1962,54693.0
5866,97,3,66,12,7,34,1974,48186.0
10521,63,6,57,13,13,22,1977,54809.0
7393,56,5,24,4,0,3,1978,41580.0
7849,209,19,456,160,142,66,1970,80336.0
332,198,2,43,0,12,20,1957,47743.0
9847,313,15,47,20,0,192,1955,62972.0
531,941,14,397,76,58,176,1954,57333.0
9576,86,4,56,2,4,7,1982,32313.0
6906,167,48,602,63,72,72,1953,84953.0
7419,8,3,19,0,2,3,1968,27071.0
3170,389,66,408,37,57,85,1957,68148.0
8527,239,7,119,4,15,11,1965,65735.0
7872,179,21,273,0,21,63,1975,86836.0
9931,5,0,1,1,1,1,1963,4023.0
10595,2,6,28,13,4,16,1990,30093.0
4609,383,0,53,6,4,40,1966,57705.0
5010,2,8,8,6,1,9,1988,25008.0
4427,536,27,590,38,107,67,1995,83257.0
11148,2,1,4,3,1,2,1975,22280.0
1168,322,53,899,34,40,53,1978,72159.0
9595,539,169,816,20,0,30,1961,64260.0
10163,712,50,420,65,38,38,1984,82733.0
2886,1121,0,72,0,12,12,1971,74290.0
6710,68,1,13,3,5,13,1951,58217.0
5316,36,4,18,6,2,18,1976,21024.0
9029,707,44,603,95,58,29,1972,70116.0
521,174,77,203,6,24,97,1985,54006.0
1459,666,35,124,69,8,26,1966,69063.0
10241,0,0,0,6,2,6,1975,11448.0
1630,162,50,100,55,30,27,1979,61825.0
3254,407,70,239,103,88,53,1971,70886.0
9064,823,25,459,124,29,95,1982,69109.0
3678,488,23,71,15,0,59,1973,60208.0
4227,28,0,13,4,2,8,1968,32889.0
9467,3,2,10,3,0,2,1984,34738.0
8486,284,0,52,8,3,20,1971,30538.0
2186,938,142,754,159,81,183,1977,82326.0
3286,13,2,15,2,2,8,1967,26642.0
8602,412,172,153,150,105,57,1964,69932.0
3722,31,1,8,0,0,8,1972,44503.0
6715,502,19,132,0,6,26,1948,60200.0
4796,18,10,3,3,5,0,1952,49638.0
9612,1,8,6,4,8,16,1987,23830.0
3766,100,71,243,108,94,219,1959,33051.0
1399,407,114,445,181,165,203,1958,72905.0
1570,664,9,240,50,19,57,1951,69702.0
3426,1045,61,338,60,46,46,1975,70300.0
3074,1218,107,304,23,143,33,1984,70643.0
8341,15,0,6,0,1,12,1969,30396.0
5180,128,0,16,0,1,4,1968,50616.0
6461,581,49,157,43,8,108,1969,62772.0
7679,6,3,12,6,1,0,1985,30298.0
10702,185,8,133,56,56,12,1984,52413.0
7505,22,1,9,0,0,14,1957,44155.0
5113,584,100,835,65,83,35,1971,86979.0
10858,355,30,177,90,138,30,1975,76532.0
2961,175,10,110,54,6,27,1982,42081.0
2747,864,134,768,150,38,172,1988,67546.0
3010,957,153,612,99,95,153,1989,88420.0
5790,25,6,16,20,0,5,1985,31158.0
6892,641,7,56,0,0,28,1968,61671.0
1743,273,86,208,177,14,43,1974,69719.0
3578,122,21,43,25,10,15,1949,49160.0
8462,1,4,10,29,0,36,1978,24882.0
5558,1020,31,430,62,63,79,1954,90933.0
4619,6,2,3,1,262,3,1945,113734.0
8780,378,14,68,19,14,14,1950,59292.0
10789,42,1,18,3,0,4,1964,45759.0
10779,15,5,14,0,4,11,1983,22148.0
5896,272,7,80,20,7,11,1987,73395.0
2337,9,1,24,2,1,2,1971,29819.0
10951,279,0,18,0,0,9,1968,45688.0
544,398,61,265,138,61,53,1954,62820.0
17,637,47,237,12,19,76,1971,60491.0
10680,45,0,16,2,1,6,1986,33235.0
3265,21,1,9,7,3,5,1959,35701.0
5623,15,4,13,0,0,19,1980,31535.0
5832,493,183,352,184,23,28,1960,92556.0
5544,957,40,175,158,53,107,1970,67384.0
6417,829,138,430,60,92,15,1971,80573.0
5831,1017,50,500,65,50,133,1967,77870.0
7101,953,0,71,0,0,174,1963,52278.0
10176,159,0,120,0,0,137,1968,57107.0
2326,32,0,8,23,4,18,1990,18929.0
4385,23,0,15,0,2,7,1981,36038.0
2929,18,42,24,15,20,18,1976,20180.0
10686,15,0,4,0,0,2,1965,34230.0
2546,23,4,5,10,5,23,1977,31878.0
3283,200,193,100,46,185,185,1972,70932.0
3138,1324,27,119,71,108,27,1956,91249.0
4994,1193,33,281,129,66,33,1943,77598.0
7966,505,137,401,104,22,22,1959,80982.0
3112,2,4,9,0,4,5,1977,22701.0
10872,1103,0,45,0,0,34,1969,55212.0
2181,353,61,753,40,46,27,1970,70617.0
1867,652,48,350,94,84,108,1957,64849.0
1518,379,6,157,25,91,91,1965,62694.0
5734,46,4,36,2,2,1,1974,61917.0
2878,162,31,127,8,17,69,1947,67472.0
1458,8,3,19,3,3,8,1982,21059.0
7007,17,3,18,3,4,18,1968,29543.0
6200,340,108,185,130,38,100,1951,75903.0
1403,8,4,15,3,5,3,1975,34984.0
4827,154,22,202,39,30,8,1956,54998.0
6250,710,15,30,20,0,0,1949,54356.0
9291,8,2,4,0,0,1,1959,34242.0
2478,2,2,4,13,13,4,1973,25410.0
1139,1050,14,322,0,14,112,1984,73356.0
5138,19,1,14,3,2,4,1950,28320.0
5393,22,0,6,6,2,6,1977,23763.0
10413,274,83,216,151,141,224,1984,72570.0
5015,68,6,38,3,6,41,1976,34529.0
10868,344,45,654,104,11,114,1951,70792.0
10676,145,193,459,205,26,145,1982,63211.0
2495,217,38,350,111,85,15,1974,83891.0
7842,18,7,34,10,2,3,1968,36065.0
9955,69,8,26,12,7,12,1954,39898.0
6663,144,0,7,0,0,6,1940,51141.0
2162,256,34,103,90,29,49,1976,56939.0
3434,483,72,567,94,12,108,1951,80872.0
7919,1285,105,653,28,21,0,1976,72335.0
5626,338,4,89,11,8,13,1964,61798.0
6428,605,10,345,84,54,32,1950,76842.0
8514,8,0,7,3,1,1,1976,29478.0
10448,172,41,86,45,6,27,1956,46998.0
2109,448,71,951,40,17,17,1990,96843.0
7530,67,4,32,17,2,16,1950,56551.0
8925,512,53,98,81,179,89,1965,70053.0
3009,1462,16,128,0,0,160,1962,71670.0
6355,20,0,14,7,3,1,1978,44359.0
3517,50,4,44,10,10,43,1952,40887.0
1158,102,1,15,2,0,24,1966,48877.0
6203,499,149,815,173,49,49,1947,74485.0
7165,381,35,172,56,86,93,1972,64474.0
3595,631,43,239,128,76,21,1963,77226.0
8537,526,80,553,123,94,53,1949,72643.0
4331,913,26,376,17,26,13,1978,85738.0
6281,673,0,199,37,47,26,1966,55686.0
4338,23,0,9,0,0,12,1983,39062.0
2452,199,33,60,8,3,15,1971,34600.0
9507,261,23,73,4,23,50,1975,40794.0
8360,111,16,37,7,9,18,1971,54690.0
10311,16,4,12,2,4,321,1969,4428.0
5117,63,151,137,153,19,53,1963,32632.0
4867,58,0,18,2,0,10,1968,38236.0
9289,29,1,17,0,3,13,1979,36781.0
10913,3,2,12,0,1,9,1984,31385.0
3032,28,34,62,11,14,44,1984,24570.0
8524,40,3,30,10,7,11,1974,25509.0
3334,879,143,797,106,143,143,1951,94642.0
4470,62,1,44,6,5,22,1962,58646.0
1406,280,7,81,20,0,27,1975,53201.0
8619,9,0,6,3,1,3,1957,21994.0
10821,182,4,33,0,2,42,1978,57113.0
4552,83,2,101,64,26,117,1991,51373.0
898,38,15,54,3,8,29,1986,23477.0
9797,228,19,130,4,11,51,1956,58116.0
10949,1092,37,592,145,37,55,1963,72968.0
8212,85,15,27,13,13,21,1971,39791.0
6248,1276,24,746,94,29,48,1947,91712.0
10164,1017,33,417,108,100,16,1958,94472.0
4547,6,2,9,2,1,5,1960,13672.0
6815,448,21,125,52,101,62,1980,96547.0
4122,504,23,117,179,28,44,1975,79205.0
10841,226,22,133,41,31,31,1975,56559.0
5370,239,3,141,0,7,23,1973,32644.0
176,90,38,67,33,36,67,1980,67506.0
4860,7,2,8,3,2,3,1970,24206.0
10757,4,2,5,2,0,0,1967,28420.0
4023,16,17,19,20,21,22,1970,22979.0
6679,10,3,3,0,0,0,1966,33279.0
9923,68,0,16,0,0,8,1972,46423.0
7181,35,0,13,2,0,2,1977,30368.0
3599,575,80,428,208,93,80,1970,63684.0
405,315,0,31,4,0,91,1964,41638.0
6870,182,2,49,17,13,20,1959,68805.0
832,561,14,113,10,14,35,1966,65814.0
2002,587,51,932,180,34,86,1958,71964.0
3657,94,1,33,13,12,12,1986,39146.0
500,908,43,735,40,194,21,1977,96876.0
1951,228,122,122,208,129,30,1981,34445.0
3262,995,112,417,42,48,41,1958,68281.0
4102,11,1,2,2,1,6,1975,37284.0
7042,3,3,14,15,21,10,1983,36790.0
10598,12,1,16,4,1,3,1967,27943.0
255,17,0,2,0,0,2,1951,22263.0
2375,8,0,5,0,3,6,1972,30261.0
9829,22,4,17,12,10,13,1978,28587.0
6214,14,10,29,4,7,15,1982,43815.0
4954,106,27,68,52,7,5,1956,48195.0
7861,820,57,242,45,0,11,1952,77027.0
4837,753,43,226,69,10,204,1965,71322.0
9423,13,3,17,7,3,3,1979,32765.0
4198,9,1,3,0,4,8,1965,29672.0
153,19,3,6,4,2,12,1953,23272.0
9323,520,8,223,32,49,42,1949,49912.0
10001,5,17,17,13,14,34,1985,7500.0
3945,618,44,215,0,17,36,1947,68117.0
3799,315,35,322,46,7,143,1955,67225.0
8625,15,1,23,0,5,1,1976,17649.0
3491,384,60,364,119,101,232,1975,55914.0
983,110,29,92,28,10,145,1984,40059.0
9119,208,17,76,36,17,38,1950,60905.0
4786,555,82,257,93,61,61,1977,75330.0
5872,240,90,216,63,6,24,1951,60689.0
6568,11,0,36,15,5,12,1984,38680.0
5628,848,154,323,201,61,78,1982,61416.0
5631,202,47,197,55,42,149,1991,49767.0
4974,433,89,650,16,102,102,1970,83273.0
8416,6,6,15,10,5,2,1981,29009.0
5454,37,0,7,3,0,3,1979,45057.0
4095,167,37,64,49,34,116,1971,37150.0
5474,45,7,99,4,25,43,1970,43020.0
4268,129,0,21,0,1,7,1959,53154.0
10701,713,0,264,120,80,34,1973,65308.0
3507,676,161,426,210,44,58,1970,76467.0
2079,450,26,535,73,98,26,1947,81044.0
626,22,2,12,0,2,5,1951,32871.0
4426,367,4,51,6,4,95,1975,55801.0
2591,526,35,214,69,53,35,1959,76320.0
10509,51,0,16,0,0,4,1955,36927.0
6382,25,0,11,3,0,15,1953,48794.0
6673,28,6,27,12,17,39,1965,23478.0
7441,958,159,447,20,0,31,1973,71128.0
1071,532,88,168,69,44,133,1976,70179.0
10061,724,17,143,0,8,196,1950,59462.0
7187,375,42,48,94,66,96,1969,
8775,39,0,56,20,8,14,1969,38361.0
1612,23,0,15,0,2,7,1981,
2345,587,54,348,71,54,130,1982,70038.0
322,29,1,11,0,0,0,1978,42554.0
10897,757,80,217,29,80,11,1974,67445.0
123,544,35,133,23,151,107,1951,67046.0
6103,40,15,15,17,6,7,1948,42192.0
7899,1245,33,332,21,33,16,1952,77610.0
10500,19,1,20,16,14,28,1984,31761.0
1655,16,3,15,2,1,11,1979,34350.0
2406,376,4,94,12,9,24,1949,54591.0
2712,184,178,178,103,39,33,1956,71866.0
5517,15,0,11,0,2,9,1969,25293.0
10643,124,83,267,85,59,35,1987,42000.0
2254,627,120,414,121,80,93,1983,69520.0
10281,180,60,241,13,54,54,1970,64713.0
6958,14,0,4,0,0,8,1977,27889.0
954,3,3,24,34,7,31,1960,22123.0
5079,71,1,16,0,0,9,1971,
10339,161,0,22,0,0,24,1954,
4643,8,26,46,38,9,49,1973,27803.0
3117,264,0,21,12,6,147,1955,
6497,293,6,23,13,6,92,1960,51651.0
5396,758,12,385,33,89,89,1988,68487.0
5250,532,126,490,164,126,126,1943,
1052,656,38,161,62,47,37,1969,56796.0
2802,196,25,607,67,17,49,1992,87000.0
6343,835,73,380,114,73,43,1959,79823.0
6507,16,11,15,2,0,12,1980,30828.0
7901,9,1,5,2,1,4,1971,34109.0
4865,229,7,140,10,3,11,1974,53367.0
2686,0,1,4,15,1,5,1969,22390.0
3107,121,24,124,24,15,42,1976,71322.0
7734,471,102,125,212,61,245,1993,79244.0
1146,520,8,223,32,49,42,1949,49912.0
11031,26,1,10,2,0,1,1950,48699.0
7428,240,132,445,250,192,108,1975,80144.0
975,178,4,26,8,4,44,1956,54252.0
1103,1486,55,278,49,0,185,1976,81929.0
3422,1115,12,128,33,12,76,1975,76068.0
1055,29,0,8,2,0,6,1976,53204.0
6544,529,0,356,63,28,0,1949,67911.0
1241,13,3,8,7,4,16,1984,14796.0
2909,934,24,230,16,24,36,1974,78128.0
5802,2,7,11,16,12,27,1972,14188.0
1407,4,12,5,3,16,17,1986,20425.0
6183,62,1,44,6,5,22,1962,58646.0
340,158,35,179,0,0,125,1970,72967.0
5991,173,2,39,3,2,47,1949,48150.0
3104,830,59,968,51,79,19,1961,82332.0
9729,189,10,253,56,43,64,1955,58275.0
1008,728,17,133,11,8,124,1981,44953.0
11091,7,2,9,2,0,2,1953,34587.0
3969,35,4,17,7,6,64,1974,43018.0
1916,188,3,180,20,3,43,1954,45736.0
9907,742,28,152,25,9,57,1969,66476.0
87,0,7,5,26,2,17,1981,27733.0
8659,750,71,174,13,10,20,1952,69805.0
6262,816,42,450,55,56,154,1962,72217.0
6147,5,2,8,2,2,9,1971,25818.0
8832,37,5,56,12,8,5,1976,37509.0
10067,4,0,4,0,0,5,1976,25176.0
7532,99,2,11,4,0,16,1980,43586.0
4915,176,72,98,136,21,229,1956,53230.0
2115,54,0,10,0,0,2,1957,50116.0
2088,997,15,414,99,30,76,1972,84906.0
2493,356,0,107,19,9,117,1966,61286.0
6292,1311,0,359,46,89,17,1986,82333.0
1631,890,63,292,0,25,12,1965,65220.0
10104,4,0,2,0,0,2,1974,33590.0
3006,17,0,14,7,3,2,1976,30992.0
3919,960,0,883,50,38,0,1976,72309.0
11181,2,1,2,1,1,1,1949,156924.0
642,1,3,2,20,30,47,1980,16005.0
4369,240,67,500,199,0,163,1957,65487.0
10127,301,11,61,4,7,11,1965,58692.0
271,154,0,50,6,11,37,1969,40590.0
4973,2,3,6,4,1,9,1970,20587.0
2948,104,12,48,4,12,5,1954,62637.0
2715,70,3,37,4,2,64,1966,29435.0
10432,2,0,9,3,6,2,1974,19346.0
9216,23,2,11,3,1,4,1971,35788.0
7124,43,4,12,8,0,27,1968,36997.0
9727,4,24,11,16,1,25,1957,23539.0
5136,654,7,92,0,15,30,1973,65333.0
9790,912,72,170,47,36,97,1957,78499.0
1818,25,0,8,0,1,4,1971,29732.0
1100,24,4,22,0,2,9,1960,41275.0
7873,141,11,114,15,14,5,1973,63516.0
10609,71,0,13,3,1,0,1962,42769.0
6950,35,1,16,0,1,1,1958,49572.0
7233,496,32,849,229,48,128,1972,69209.0
9481,9,9,11,13,10,16,1976,17148.0
7699,154,0,50,6,11,37,1969,40590.0
2711,9,1,5,4,5,7,1976,30560.0
8933,26,3,23,4,7,3,1983,32146.0
8726,77,8,44,10,10,25,1964,41713.0
1515,11,2,7,4,2,2,1975,34176.0
5186,576,7,115,19,7,7,1955,58482.0
10157,89,15,89,34,42,5,1965,59686.0
5667,1013,30,399,60,46,153,1964,60896.0
902,224,12,48,4,12,12,1980,62994.0
977,200,19,111,50,15,19,1957,47320.0
7313,570,73,614,133,102,73,1949,74859.0
7600,1,3,3,8,1,13,1992,15253.0
9706,62,1,20,4,0,7,1974,31560.0
2429,531,69,300,150,138,150,1954,72071.0
3520,162,28,818,0,28,56,1990,91172.0
10394,675,144,133,94,192,241,1984,90000.0
4548,23,4,10,0,2,15,1981,41967.0
9362,492,5,32,13,5,21,1965,69263.0
3968,918,10,129,13,0,129,1970,65706.0
4084,224,155,155,192,93,54,1975,60934.0
6721,572,19,286,50,38,248,1951,71965.0
2829,626,0,70,0,7,28,1955,65210.0
1772,1074,37,518,193,92,129,1975,79174.0
1544,741,68,689,224,68,103,1967,81380.0
492,322,3,50,4,3,42,1973,48432.0
4377,254,10,44,30,10,227,1971,52914.0
4541,116,6,82,6,6,41,1955,38946.0
1321,22,2,18,0,2,12,1974,26067.0
8858,516,0,21,0,0,5,1972,44325.0
3266,14,36,11,3,26,35,1964,42523.0
11187,2,8,10,12,14,23,1978,26487.0
8207,28,0,9,3,0,0,1957,53233.0
9723,530,142,217,62,9,56,1960,67716.0
2666,519,50,167,130,0,41,1972,76234.0
5721,611,76,749,59,45,26,1956,84117.0
10652,240,67,500,199,0,163,1957,65487.0
1646,4,9,12,11,2,8,1972,25224.0
4418,671,47,655,145,111,15,1983,89616.0
2656,23,1,7,0,4,24,1971,40851.0
7990,9,1,2,3,2,0,1947,27469.0
8722,556,54,845,202,133,63,1957,82347.0
7118,833,80,363,52,26,174,1957,73803.0
2980,12,0,13,4,2,4,1952,8820.0
1839,56,7,48,10,2,18,1974,43322.0
10722,293,8,124,11,4,106,1973,55593.0
2632,297,0,38,13,0,152,1954,50501.0
9014,39,1,16,2,0,3,1975,37085.0
7620,5,11,16,21,8,45,1990,16185.0
10968,266,21,300,65,8,44,1969,57731.0
11133,322,3,50,4,3,42,1973,48432.0
2736,366,124,156,71,78,54,1978,73807.0
1876,32,0,8,23,4,18,1990,18929.0
5959,158,0,23,0,0,18,1968,35893.0
1092,269,129,495,182,43,29,1980,61014.0
4333,41,0,10,0,0,3,1954,32144.0
3850,3,3,3,15,4,15,1963,14918.0
6168,33,0,5,0,0,15,1963,45146.0
607,302,29,131,32,0,27,1955,41769.0
10469,519,71,860,93,27,53,1981,88325.0
6983,23,2,17,2,1,0,1950,38054.0
3661,594,51,631,72,55,32,1995,80617.0
9303,12,4,7,1,3,5,1976,5305.0
692,4,2,5,0,0,5,1954,36807.0
736,18,3,19,3,3,6,1983,28427.0
9589,332,194,377,149,125,57,1948,82032.0
4838,5,1,8,0,0,1,1978,22775.0
9246,171,3,129,26,24,62,1985,40101.0
6261,270,31,88,11,48,22,1979,58025.0
7366,712,26,538,69,13,80,1982,75777.0
10659,2,8,11,3,8,21,1979,7500.0
1448,21,12,12,0,3,3,1963,33562.0
4286,580,6,58,8,0,27,1970,57642.0
4749,368,24,68,38,0,88,1968,58554.0
4478,457,5,106,15,17,53,1979,63777.0
4201,229,7,137,4,0,91,1962,57967.0
8720,32,2,1607,12,4,22,1978,
10084,3,2,8,20,0,17,1972,24434.0
7004,24,3,26,7,1,23,1984,11012.0
9817,853,10,143,13,10,20,1970,44802.0
8080,5,1,6,3,4,3,1986,26816.0
9432,9,14,18,8,1,12,1977,666666.0
8372,3,3,7,6,2,9,1974,34421.0
10870,709,43,182,42,118,247,1967,61223.0
4001,406,0,30,0,0,8,1946,64014.0
7270,908,48,217,32,12,24,1981,56981.0
8235,428,30,214,80,30,61,1956,69245.0
9405,84,3,61,2,1,21,1954,52869.0
